Year, Month, Day,     Extent,    Missing, Source Data
YYYY,    MM,  DD, 10^6 sq km, 10^6 sq km, Source data product web sites: http://nsidc.org/data/nsidc-0081.html and http://nsidc.org/data/nsidc-0051.html
2025,    08,  29,     17.240,      0.000, ['/disks/sidads_ftp/DATASETS/nsidc0803_daily_a2_seaice_conc_v2/NSIDC-0803_SEAICE_AMSR2_S_20250829_v2.0.nc']
2025,    08,  30,     17.261,      0.000, ['/disks/sidads_ftp/DATASETS/nsidc0803_daily_a2_seaice_conc_v2/NSIDC-0803_SEAICE_AMSR2_S_20250830_v2.0.nc']
2025,    08,  31,     17.339,      0.000,"['/disks/sidads_ftp/DATASETS/nsidc0803_daily_a2_seaice_conc_v2/NSIDC-0803_SEAICE_AMSR2_S_20250830_v2.0.nc', '/disks/sidads_ftp/DATASETS/nsidc0803_daily_a2_seaice_conc_v2/NSIDC-0803_SEAICE_AMSR2_S_20250901_v2.0.nc']"
2025,    09,  01,     17.384,      0.000, ['/disks/sidads_ftp/DATASETS/nsidc0803_daily_a2_seaice_conc_v2/NSIDC-0803_SEAICE_AMSR2_S_20250901_v2.0.nc']
2025,    09,  02,     17.516,      0.000, ['/disks/sidads_ftp/DATASETS/nsidc0803_daily_a2_seaice_conc_v2/NSIDC-0803_SEAICE_AMSR2_S_20250902_v2.0.nc']
2025,    09,  03,     17.530,      0.000, ['/disks/sidads_ftp/DATASETS/nsidc0803_daily_a2_seaice_conc_v2/NSIDC-0803_SEAICE_AMSR2_S_20250903_v2.0.nc']
2025,    09,  04,     17.560,      0.000,"['/disks/sidads_ftp/DATASETS/nsidc0803_daily_a2_seaice_conc_v2/NSIDC-0803_SEAICE_AMSR2_S_20250903_v2.0.nc', '/disks/sidads_ftp/DATASETS/nsidc0803_daily_a2_seaice_conc_v2/NSIDC-0803_SEAICE_AMSR2_S_20250904_v2.0.nc', '/disks/sidads_ftp/DATASETS/nsidc0803_daily_a2_seaice_conc_v2/NSIDC-0803_SEAICE_AMSR2_S_20250905_v2.0.nc']"
2025,    09,  05,     17.511,      0.000, ['/disks/sidads_ftp/DATASETS/nsidc0803_daily_a2_seaice_conc_v2/NSIDC-0803_SEAICE_AMSR2_S_20250905_v2.0.nc']
2025,    09,  06,     17.528,      0.000, ['/disks/sidads_ftp/DATASETS/nsidc0803_daily_a2_seaice_conc_v2/NSIDC-0803_SEAICE_AMSR2_S_20250906_v2.0.nc']
2025,    09,  07,     17.591,      0.000, ['/disks/sidads_ftp/DATASETS/nsidc0803_daily_a2_seaice_conc_v2/NSIDC-0803_SEAICE_AMSR2_S_20250907_v2.0.nc']
2025,    09,  08,     17.628,      0.000, ['/disks/sidads_ftp/DATASETS/nsidc0803_daily_a2_seaice_conc_v2/NSIDC-0803_SEAICE_AMSR2_S_20250908_v2.0.nc']
2025,    09,  09,     17.649,      0.000, ['/disks/sidads_ftp/DATASETS/nsidc0803_daily_a2_seaice_conc_v2/NSIDC-0803_SEAICE_AMSR2_S_20250909_v2.0.nc']
2025,    09,  10,     17.589,      0.000,"['/disks/sidads_ftp/DATASETS/nsidc0803_daily_a2_seaice_conc_v2/NSIDC-0803_SEAICE_AMSR2_S_20250909_v2.0.nc', '/disks/sidads_ftp/DATASETS/nsidc0803_daily_a2_seaice_conc_v2/NSIDC-0803_SEAICE_AMSR2_S_20250910_v2.0.nc', '/disks/sidads_ftp/DATASETS/nsidc0803_daily_a2_seaice_conc_v2/NSIDC-0803_SEAICE_AMSR2_S_20250911_v2.0.nc']"
2025,    09,  11,     17.612,      0.000, ['/disks/sidads_ftp/DATASETS/nsidc0803_daily_a2_seaice_conc_v2/NSIDC-0803_SEAICE_AMSR2_S_20250911_v2.0.nc']
2025,    09,  12,     17.736,      0.000, ['/disks/sidads_ftp/DATASETS/nsidc0803_daily_a2_seaice_conc_v2/NSIDC-0803_SEAICE_AMSR2_S_20250912_v2.0.nc']
2025,    09,  13,     17.791,      0.000, ['/disks/sidads_ftp/DATASETS/nsidc0803_daily_a2_seaice_conc_v2/NSIDC-0803_SEAICE_AMSR2_S_20250913_v2.0.nc']
2025,    09,  14,     17.831,      0.000, ['/disks/sidads_ftp/DATASETS/nsidc0803_daily_a2_seaice_conc_v2/NSIDC-0803_SEAICE_AMSR2_S_20250914_v2.0.nc']
2025,    09,  15,     17.854,      0.000, ['/disks/sidads_ftp/DATASETS/nsidc0803_daily_a2_seaice_conc_v2/NSIDC-0803_SEAICE_AMSR2_S_20250915_v2.0.nc']
2025,    09,  16,     17.798,      0.000, ['/disks/sidads_ftp/DATASETS/nsidc0803_daily_a2_seaice_conc_v2/NSIDC-0803_SEAICE_AMSR2_S_20250916_v2.0.nc']
2025,    09,  17,     17.770,      0.000, ['/disks/sidads_ftp/DATASETS/nsidc0803_daily_a2_seaice_conc_v2/NSIDC-0803_SEAICE_AMSR2_S_20250917_v2.0.nc']
2025,    09,  18,     17.727,      0.000, ['/disks/sidads_ftp/DATASETS/nsidc0803_daily_a2_seaice_conc_v2/NSIDC-0803_SEAICE_AMSR2_S_20250918_v2.0.nc']
2025,    09,  19,     17.648,      0.000, ['/disks/sidads_ftp/DATASETS/nsidc0803_daily_a2_seaice_conc_v2/NSIDC-0803_SEAICE_AMSR2_S_20250919_v2.0.nc']
2025,    09,  20,     17.671,      0.000, ['/disks/sidads_ftp/DATASETS/nsidc0803_daily_a2_seaice_conc_v2/NSIDC-0803_SEAICE_AMSR2_S_20250920_v2.0.nc']
2025,    09,  21,     17.702,      0.000, ['/disks/sidads_ftp/DATASETS/nsidc0803_daily_a2_seaice_conc_v2/NSIDC-0803_SEAICE_AMSR2_S_20250921_v2.0.nc']
2025,    09,  22,     17.686,      0.000,"['/disks/sidads_ftp/DATASETS/nsidc0803_daily_a2_seaice_conc_v2/NSIDC-0803_SEAICE_AMSR2_S_20250921_v2.0.nc', '/disks/sidads_ftp/DATASETS/nsidc0803_daily_a2_seaice_conc_v2/NSIDC-0803_SEAICE_AMSR2_S_20250922_v2.0.nc', '/disks/sidads_ftp/DATASETS/nsidc0803_daily_a2_seaice_conc_v2/NSIDC-0803_SEAICE_AMSR2_S_20250923_v2.0.nc']"
2025,    09,  23,     17.550,      0.000,"['/disks/sidads_ftp/DATASETS/nsidc0803_daily_a2_seaice_conc_v2/NSIDC-0803_SEAICE_AMSR2_S_20250922_v2.0.nc', '/disks/sidads_ftp/DATASETS/nsidc0803_daily_a2_seaice_conc_v2/NSIDC-0803_SEAICE_AMSR2_S_20250923_v2.0.nc', '/disks/sidads_ftp/DATASETS/nsidc0803_daily_a2_seaice_conc_v2/NSIDC-0803_SEAICE_AMSR2_S_20250924_v2.0.nc']"
2025,    09,  24,     17.635,      0.000, ['/disks/sidads_ftp/DATASETS/nsidc0803_daily_a2_seaice_conc_v2/NSIDC-0803_SEAICE_AMSR2_S_20250924_v2.0.nc']
2025,    09,  25,     17.648,      0.000, ['/disks/sidads_ftp/DATASETS/nsidc0803_daily_a2_seaice_conc_v2/NSIDC-0803_SEAICE_AMSR2_S_20250925_v2.0.nc']
2025,    09,  26,     17.664,      0.000, ['/disks/sidads_ftp/DATASETS/nsidc0803_daily_a2_seaice_conc_v2/NSIDC-0803_SEAICE_AMSR2_S_20250926_v2.0.nc']
2025,    09,  27,     17.668,      0.000, ['/disks/sidads_ftp/DATASETS/nsidc0803_daily_a2_seaice_conc_v2/NSIDC-0803_SEAICE_AMSR2_S_20250927_v2.0.nc']
2025,    09,  28,     17.632,      0.000, ['/disks/sidads_ftp/DATASETS/nsidc0803_daily_a2_seaice_conc_v2/NSIDC-0803_SEAICE_AMSR2_S_20250928_v2.0.nc']
2025,    09,  29,     17.536,      0.000, ['/disks/sidads_ftp/DATASETS/nsidc0803_daily_a2_seaice_conc_v2/NSIDC-0803_SEAICE_AMSR2_S_20250929_v2.0.nc']
2025,    09,  30,     17.444,      0.000, ['/disks/sidads_ftp/DATASETS/nsidc0803_daily_a2_seaice_conc_v2/NSIDC-0803_SEAICE_AMSR2_S_20250930_v2.0.nc']
2025,    10,  01,     17.496,      0.000, ['/disks/sidads_ftp/DATASETS/nsidc0803_daily_a2_seaice_conc_v2/NSIDC-0803_SEAICE_AMSR2_S_20251001_v2.0.nc']
2025,    10,  02,     17.495,      0.000, ['/disks/sidads_ftp/DATASETS/nsidc0803_daily_a2_seaice_conc_v2/NSIDC-0803_SEAICE_AMSR2_S_20251002_v2.0.nc']
2025,    10,  03,     17.390,      0.000, ['/disks/sidads_ftp/DATASETS/nsidc0803_daily_a2_seaice_conc_v2/NSIDC-0803_SEAICE_AMSR2_S_20251003_v2.0.nc']
2025,    10,  04,     17.349,      0.000, ['/disks/sidads_ftp/DATASETS/nsidc0803_daily_a2_seaice_conc_v2/NSIDC-0803_SEAICE_AMSR2_S_20251004_v2.0.nc']
2025,    10,  05,     17.393,      0.000,"['/disks/sidads_ftp/DATASETS/nsidc0803_daily_a2_seaice_conc_v2/NSIDC-0803_SEAICE_AMSR2_S_20251004_v2.0.nc', '/disks/sidads_ftp/DATASETS/nsidc0803_daily_a2_seaice_conc_v2/NSIDC-0803_SEAICE_AMSR2_S_20251005_v2.0.nc', '/disks/sidads_ftp/DATASETS/nsidc0803_daily_a2_seaice_conc_v2/NSIDC-0803_SEAICE_AMSR2_S_20251006_v2.0.nc']"
2025,    10,  06,     17.365,      0.000, ['/disks/sidads_ftp/DATASETS/nsidc0803_daily_a2_seaice_conc_v2/NSIDC-0803_SEAICE_AMSR2_S_20251006_v2.0.nc']
2025,    10,  07,     17.331,      0.000, ['/disks/sidads_ftp/DATASETS/nsidc0803_daily_a2_seaice_conc_v2/NSIDC-0803_SEAICE_AMSR2_S_20251007_v2.0.nc']
2025,    10,  08,     17.275,      0.000, ['/disks/sidads_ftp/DATASETS/nsidc0803_daily_a2_seaice_conc_v2/NSIDC-0803_SEAICE_AMSR2_S_20251008_v2.0.nc']
2025,    10,  09,     17.271,      0.000, ['/disks/sidads_ftp/DATASETS/nsidc0803_daily_a2_seaice_conc_v2/NSIDC-0803_SEAICE_AMSR2_S_20251009_v2.0.nc']
2025,    10,  10,     17.301,      0.000, ['/disks/sidads_ftp/DATASETS/nsidc0803_daily_a2_seaice_conc_v2/NSIDC-0803_SEAICE_AMSR2_S_20251010_v2.0.nc']
2025,    10,  11,     17.274,      0.000, ['/disks/sidads_ftp/DATASETS/nsidc0803_daily_a2_seaice_conc_v2/NSIDC-0803_SEAICE_AMSR2_S_20251011_v2.0.nc']
2025,    10,  12,     17.197,      0.000, ['/disks/sidads_ftp/DATASETS/nsidc0803_daily_a2_seaice_conc_v2/NSIDC-0803_SEAICE_AMSR2_S_20251012_v2.0.nc']
2025,    10,  13,     17.109,      0.000, ['/disks/sidads_ftp/DATASETS/nsidc0803_daily_a2_seaice_conc_v2/NSIDC-0803_SEAICE_AMSR2_S_20251013_v2.0.nc']
2025,    10,  14,     17.081,      0.000, ['/disks/sidads_ftp/DATASETS/nsidc0803_daily_a2_seaice_conc_v2/NSIDC-0803_SEAICE_AMSR2_S_20251014_v2.0.nc']
2025,    10,  15,     17.089,      0.000, ['/disks/sidads_ftp/DATASETS/nsidc0803_daily_a2_seaice_conc_v2/NSIDC-0803_SEAICE_AMSR2_S_20251015_v2.0.nc']
2025,    10,  16,     17.016,      0.000, ['/disks/sidads_ftp/DATASETS/nsidc0803_daily_a2_seaice_conc_v2/NSIDC-0803_SEAICE_AMSR2_S_20251016_v2.0.nc']
2025,    10,  17,     16.921,      0.000, ['/disks/sidads_ftp/DATASETS/nsidc0803_daily_a2_seaice_conc_v2/NSIDC-0803_SEAICE_AMSR2_S_20251017_v2.0.nc']
2025,    10,  18,     16.893,      0.000, ['/disks/sidads_ftp/DATASETS/nsidc0803_daily_a2_seaice_conc_v2/NSIDC-0803_SEAICE_AMSR2_S_20251018_v2.0.nc']
2025,    10,  19,     16.889,      0.000, ['/disks/sidads_ftp/DATASETS/nsidc0803_daily_a2_seaice_conc_v2/NSIDC-0803_SEAICE_AMSR2_S_20251019_v2.0.nc']
2025,    10,  20,     16.880,      0.000, ['/disks/sidads_ftp/DATASETS/nsidc0803_daily_a2_seaice_conc_v2/NSIDC-0803_SEAICE_AMSR2_S_20251020_v2.0.nc']
2025,    10,  21,     16.858,      0.000, ['/disks/sidads_ftp/DATASETS/nsidc0803_daily_a2_seaice_conc_v2/NSIDC-0803_SEAICE_AMSR2_S_20251021_v2.0.nc']
2025,    10,  22,     16.801,      0.000, ['/disks/sidads_ftp/DATASETS/nsidc0803_daily_a2_seaice_conc_v2/NSIDC-0803_SEAICE_AMSR2_S_20251022_v2.0.nc']
2025,    10,  23,     16.750,      0.000, ['/disks/sidads_ftp/DATASETS/nsidc0803_daily_a2_seaice_conc_v2/NSIDC-0803_SEAICE_AMSR2_S_20251023_v2.0.nc']
2025,    10,  24,     16.687,      0.000,"['/disks/sidads_ftp/DATASETS/nsidc0803_daily_a2_seaice_conc_v2/NSIDC-0803_SEAICE_AMSR2_S_20251023_v2.0.nc', '/disks/sidads_ftp/DATASETS/nsidc0803_daily_a2_seaice_conc_v2/NSIDC-0803_SEAICE_AMSR2_S_20251024_v2.0.nc', '/disks/sidads_ftp/DATASETS/nsidc0803_daily_a2_seaice_conc_v2/NSIDC-0803_SEAICE_AMSR2_S_20251025_v2.0.nc']"
2025,    10,  25,     16.648,      0.000, ['/disks/sidads_ftp/DATASETS/nsidc0803_daily_a2_seaice_conc_v2/NSIDC-0803_SEAICE_AMSR2_S_20251025_v2.0.nc']
2025,    10,  26,     16.513,      0.000, ['/disks/sidads_ftp/DATASETS/nsidc0803_daily_a2_seaice_conc_v2/NSIDC-0803_SEAICE_AMSR2_S_20251026_v2.0.nc']
2025,    10,  27,     16.445,      0.000, ['/disks/sidads_ftp/DATASETS/nsidc0803_daily_a2_seaice_conc_v2/NSIDC-0803_SEAICE_AMSR2_S_20251027_v2.0.nc']
2025,    10,  28,     16.383,      0.000, ['/disks/sidads_ftp/DATASETS/nsidc0803_daily_a2_seaice_conc_v2/NSIDC-0803_SEAICE_AMSR2_S_20251028_v2.0.nc']
2025,    10,  29,     16.301,      0.000, ['/disks/sidads_ftp/DATASETS/nsidc0803_daily_a2_seaice_conc_v2/NSIDC-0803_SEAICE_AMSR2_S_20251029_v2.0.nc']
2025,    10,  30,     16.292,      0.000, ['/disks/sidads_ftp/DATASETS/nsidc0803_daily_a2_seaice_conc_v2/NSIDC-0803_SEAICE_AMSR2_S_20251030_v2.0.nc']
2025,    10,  31,     16.213,      0.000, ['/disks/sidads_ftp/DATASETS/nsidc0803_daily_a2_seaice_conc_v2/NSIDC-0803_SEAICE_AMSR2_S_20251031_v2.0.nc']
2025,    11,  01,     16.095,      0.000, ['/disks/sidads_ftp/DATASETS/nsidc0803_daily_a2_seaice_conc_v2/NSIDC-0803_SEAICE_AMSR2_S_20251101_v2.0.nc']
2025,    11,  02,     16.063,      0.000,"['/disks/sidads_ftp/DATASETS/nsidc0803_daily_a2_seaice_conc_v2/NSIDC-0803_SEAICE_AMSR2_S_20251101_v2.0.nc', '/disks/sidads_ftp/DATASETS/nsidc0803_daily_a2_seaice_conc_v2/NSIDC-0803_SEAICE_AMSR2_S_20251102_v2.0.nc', '/disks/sidads_ftp/DATASETS/nsidc0803_daily_a2_seaice_conc_v2/NSIDC-0803_SEAICE_AMSR2_S_20251103_v2.0.nc']"
2025,    11,  03,     15.946,      0.000, ['/disks/sidads_ftp/DATASETS/nsidc0803_daily_a2_seaice_conc_v2/NSIDC-0803_SEAICE_AMSR2_S_20251103_v2.0.nc']
2025,    11,  04,     15.861,      0.000, ['/disks/sidads_ftp/DATASETS/nsidc0803_daily_a2_seaice_conc_v2/NSIDC-0803_SEAICE_AMSR2_S_20251104_v2.0.nc']
2025,    11,  05,     15.792,      0.000, ['/disks/sidads_ftp/DATASETS/nsidc0803_daily_a2_seaice_conc_v2/NSIDC-0803_SEAICE_AMSR2_S_20251105_v2.0.nc']
2025,    11,  06,     15.704,      0.000, ['/disks/sidads_ftp/DATASETS/nsidc0803_daily_a2_seaice_conc_v2/NSIDC-0803_SEAICE_AMSR2_S_20251106_v2.0.nc']
2025,    11,  07,     15.585,      0.000, ['/disks/sidads_ftp/DATASETS/nsidc0803_daily_a2_seaice_conc_v2/NSIDC-0803_SEAICE_AMSR2_S_20251107_v2.0.nc']
2025,    11,  08,     15.502,      0.000, ['/disks/sidads_ftp/DATASETS/nsidc0803_daily_a2_seaice_conc_v2/NSIDC-0803_SEAICE_AMSR2_S_20251108_v2.0.nc']
2025,    11,  09,     15.467,      0.000, ['/disks/sidads_ftp/DATASETS/nsidc0803_daily_a2_seaice_conc_v2/NSIDC-0803_SEAICE_AMSR2_S_20251109_v2.0.nc']
2025,    11,  10,     15.404,      0.000, ['/disks/sidads_ftp/DATASETS/nsidc0803_daily_a2_seaice_conc_v2/NSIDC-0803_SEAICE_AMSR2_S_20251110_v2.0.nc']
2025,    11,  11,     15.318,      0.000,"['/disks/sidads_ftp/DATASETS/nsidc0803_daily_a2_seaice_conc_v2/NSIDC-0803_SEAICE_AMSR2_S_20251110_v2.0.nc', '/disks/sidads_ftp/DATASETS/nsidc0803_daily_a2_seaice_conc_v2/NSIDC-0803_SEAICE_AMSR2_S_20251111_v2.0.nc', '/disks/sidads_ftp/DATASETS/nsidc0803_daily_a2_seaice_conc_v2/NSIDC-0803_SEAICE_AMSR2_S_20251112_v2.0.nc']"
2025,    11,  12,     15.184,      0.000, ['/disks/sidads_ftp/DATASETS/nsidc0803_daily_a2_seaice_conc_v2/NSIDC-0803_SEAICE_AMSR2_S_20251112_v2.0.nc']
2025,    11,  13,     15.124,      0.000, ['/disks/sidads_ftp/DATASETS/nsidc0803_daily_a2_seaice_conc_v2/NSIDC-0803_SEAICE_AMSR2_S_20251113_v2.0.nc']
2025,    11,  14,     14.971,      0.000, ['/disks/sidads_ftp/DATASETS/nsidc0803_daily_a2_seaice_conc_v2/NSIDC-0803_SEAICE_AMSR2_S_20251114_v2.0.nc']
2025,    11,  15,     14.839,      0.000, ['/disks/sidads_ftp/DATASETS/nsidc0803_daily_a2_seaice_conc_v2/NSIDC-0803_SEAICE_AMSR2_S_20251115_v2.0.nc']
2025,    11,  16,     14.740,      0.000, ['/disks/sidads_ftp/DATASETS/nsidc0803_daily_a2_seaice_conc_v2/NSIDC-0803_SEAICE_AMSR2_S_20251116_v2.0.nc']
2025,    11,  17,     14.616,      0.000, ['/disks/sidads_ftp/DATASETS/nsidc0803_daily_a2_seaice_conc_v2/NSIDC-0803_SEAICE_AMSR2_S_20251117_v2.0.nc']
2025,    11,  18,     14.426,      0.000, ['/disks/sidads_ftp/DATASETS/nsidc0803_daily_a2_seaice_conc_v2/NSIDC-0803_SEAICE_AMSR2_S_20251118_v2.0.nc']
2025,    11,  19,     14.253,      0.000, ['/disks/sidads_ftp/DATASETS/nsidc0803_daily_a2_seaice_conc_v2/NSIDC-0803_SEAICE_AMSR2_S_20251119_v2.0.nc']
2025,    11,  20,     14.105,      0.000, ['/disks/sidads_ftp/DATASETS/nsidc0803_daily_a2_seaice_conc_v2/NSIDC-0803_SEAICE_AMSR2_S_20251120_v2.0.nc']
2025,    11,  21,     13.919,      0.000, ['/disks/sidads_ftp/DATASETS/nsidc0803_daily_a2_seaice_conc_v2/NSIDC-0803_SEAICE_AMSR2_S_20251121_v2.0.nc']
2025,    11,  22,     13.763,      0.000, ['/disks/sidads_ftp/DATASETS/nsidc0803_daily_a2_seaice_conc_v2/NSIDC-0803_SEAICE_AMSR2_S_20251122_v2.0.nc']
2025,    11,  23,     13.645,      0.000, ['/disks/sidads_ftp/DATASETS/nsidc0803_daily_a2_seaice_conc_v2/NSIDC-0803_SEAICE_AMSR2_S_20251123_v2.0.nc']
2025,    11,  24,     13.508,      0.000, ['/disks/sidads_ftp/DATASETS/nsidc0803_daily_a2_seaice_conc_v2/NSIDC-0803_SEAICE_AMSR2_S_20251124_v2.0.nc']
2025,    11,  25,     13.296,      0.000, ['/disks/sidads_ftp/DATASETS/nsidc0803_daily_a2_seaice_conc_v2/NSIDC-0803_SEAICE_AMSR2_S_20251125_v2.0.nc']
2025,    11,  26,     13.134,      0.000, ['/disks/sidads_ftp/DATASETS/nsidc0803_daily_a2_seaice_conc_v2/NSIDC-0803_SEAICE_AMSR2_S_20251126_v2.0.nc']
2025,    11,  27,     13.013,      0.000, ['/disks/sidads_ftp/DATASETS/nsidc0803_daily_a2_seaice_conc_v2/NSIDC-0803_SEAICE_AMSR2_S_20251127_v2.0.nc']
2025,    11,  28,     12.829,      0.000, ['/disks/sidads_ftp/DATASETS/nsidc0803_daily_a2_seaice_conc_v2/NSIDC-0803_SEAICE_AMSR2_S_20251128_v2.0.nc']
2025,    11,  29,     12.679,      0.000, ['/disks/sidads_ftp/DATASETS/nsidc0803_daily_a2_seaice_conc_v2/NSIDC-0803_SEAICE_AMSR2_S_20251129_v2.0.nc']
2025,    11,  30,     12.503,      0.000, ['/disks/sidads_ftp/DATASETS/nsidc0803_daily_a2_seaice_conc_v2/NSIDC-0803_SEAICE_AMSR2_S_20251130_v2.0.nc']
2025,    12,  01,     12.294,      0.000, ['/disks/sidads_ftp/DATASETS/nsidc0803_daily_a2_seaice_conc_v2/NSIDC-0803_SEAICE_AMSR2_S_20251201_v2.0.nc']
2025,    12,  02,     12.130,      0.000, ['/disks/sidads_ftp/DATASETS/nsidc0803_daily_a2_seaice_conc_v2/NSIDC-0803_SEAICE_AMSR2_S_20251202_v2.0.nc']
2025,    12,  03,     11.932,      0.000, ['/disks/sidads_ftp/DATASETS/nsidc0803_daily_a2_seaice_conc_v2/NSIDC-0803_SEAICE_AMSR2_S_20251203_v2.0.nc']
2025,    12,  04,     11.686,      0.000, ['/disks/sidads_ftp/DATASETS/nsidc0803_daily_a2_seaice_conc_v2/NSIDC-0803_SEAICE_AMSR2_S_20251204_v2.0.nc']
2025,    12,  05,     11.494,      0.000, ['/disks/sidads_ftp/DATASETS/nsidc0803_daily_a2_seaice_conc_v2/NSIDC-0803_SEAICE_AMSR2_S_20251205_v2.0.nc']
2025,    12,  06,     11.347,      0.000, ['/disks/sidads_ftp/DATASETS/nsidc0803_daily_a2_seaice_conc_v2/NSIDC-0803_SEAICE_AMSR2_S_20251206_v2.0.nc']
2025,    12,  07,     11.153,      0.000, ['/disks/sidads_ftp/DATASETS/nsidc0803_daily_a2_seaice_conc_v2/NSIDC-0803_SEAICE_AMSR2_S_20251207_v2.0.nc']
2025,    12,  08,     10.943,      0.000, ['/disks/sidads_ftp/DATASETS/nsidc0803_daily_a2_seaice_conc_v2/NSIDC-0803_SEAICE_AMSR2_S_20251208_v2.0.nc']
2025,    12,  09,     10.782,      0.000, ['/disks/sidads_ftp/DATASETS/nsidc0803_daily_a2_seaice_conc_v2/NSIDC-0803_SEAICE_AMSR2_S_20251209_v2.0.nc']
2025,    12,  10,     10.644,      0.000, ['/disks/sidads_ftp/DATASETS/nsidc0803_daily_a2_seaice_conc_v2/NSIDC-0803_SEAICE_AMSR2_S_20251210_v2.0.nc']
2025,    12,  11,     10.472,      0.000, ['/disks/sidads_ftp/DATASETS/nsidc0803_daily_a2_seaice_conc_v2/NSIDC-0803_SEAICE_AMSR2_S_20251211_v2.0.nc']
2025,    12,  12,     10.212,      0.000, ['/disks/sidads_ftp/DATASETS/nsidc0803_daily_a2_seaice_conc_v2/NSIDC-0803_SEAICE_AMSR2_S_20251212_v2.0.nc']
2025,    12,  13,      9.966,      0.000,"['/disks/sidads_ftp/DATASETS/nsidc0803_daily_a2_seaice_conc_v2/NSIDC-0803_SEAICE_AMSR2_S_20251212_v2.0.nc', '/disks/sidads_ftp/DATASETS/nsidc0803_daily_a2_seaice_conc_v2/NSIDC-0803_SEAICE_AMSR2_S_20251214_v2.0.nc']"
2025,    12,  14,      9.678,      0.000, ['/disks/sidads_ftp/DATASETS/nsidc0803_daily_a2_seaice_conc_v2/NSIDC-0803_SEAICE_AMSR2_S_20251214_v2.0.nc']
2025,    12,  15,      9.445,      0.000, ['/disks/sidads_ftp/DATASETS/nsidc0803_daily_a2_seaice_conc_v2/NSIDC-0803_SEAICE_AMSR2_S_20251215_v2.0.nc']
2025,    12,  16,      9.202,      0.000, ['/disks/sidads_ftp/DATASETS/nsidc0803_daily_a2_seaice_conc_v2/NSIDC-0803_SEAICE_AMSR2_S_20251216_v2.0.nc']
2025,    12,  17,      9.011,      0.000, ['/disks/sidads_ftp/DATASETS/nsidc0803_daily_a2_seaice_conc_v2/NSIDC-0803_SEAICE_AMSR2_S_20251217_v2.0.nc']
2025,    12,  18,      8.718,      0.000, ['/disks/sidads_ftp/DATASETS/nsidc0803_daily_a2_seaice_conc_v2/NSIDC-0803_SEAICE_AMSR2_S_20251218_v2.0.nc']
2025,    12,  19,      8.479,      0.000, ['/disks/sidads_ftp/DATASETS/nsidc0803_daily_a2_seaice_conc_v2/NSIDC-0803_SEAICE_AMSR2_S_20251219_v2.0.nc']
2025,    12,  20,      8.256,      0.000, ['/disks/sidads_ftp/DATASETS/nsidc0803_daily_a2_seaice_conc_v2/NSIDC-0803_SEAICE_AMSR2_S_20251220_v2.0.nc']
2025,    12,  21,      7.997,      0.000, ['/disks/sidads_ftp/DATASETS/nsidc0803_daily_a2_seaice_conc_v2/NSIDC-0803_SEAICE_AMSR2_S_20251221_v2.0.nc']
2025,    12,  22,      7.737,      0.000, ['/disks/sidads_ftp/DATASETS/nsidc0803_daily_a2_seaice_conc_v2/NSIDC-0803_SEAICE_AMSR2_S_20251222_v2.0.nc']
2025,    12,  23,      7.504,      0.000, ['/disks/sidads_ftp/DATASETS/nsidc0803_daily_a2_seaice_conc_v2/NSIDC-0803_SEAICE_AMSR2_S_20251223_v2.0.nc']
2025,    12,  24,      7.374,      0.000, ['/disks/sidads_ftp/DATASETS/nsidc0803_daily_a2_seaice_conc_v2/NSIDC-0803_SEAICE_AMSR2_S_20251224_v2.0.nc']
2025,    12,  25,      7.233,      0.000, ['/disks/sidads_ftp/DATASETS/nsidc0803_daily_a2_seaice_conc_v2/NSIDC-0803_SEAICE_AMSR2_S_20251225_v2.0.nc']
2025,    12,  26,      7.090,      0.000, ['/disks/sidads_ftp/DATASETS/nsidc0803_daily_a2_seaice_conc_v2/NSIDC-0803_SEAICE_AMSR2_S_20251226_v2.0.nc']
2025,    12,  27,      6.966,      0.000, ['/disks/sidads_ftp/DATASETS/nsidc0803_daily_a2_seaice_conc_v2/NSIDC-0803_SEAICE_AMSR2_S_20251227_v2.0.nc']
2025,    12,  28,      6.820,      0.000, ['/disks/sidads_ftp/DATASETS/nsidc0803_daily_a2_seaice_conc_v2/NSIDC-0803_SEAICE_AMSR2_S_20251228_v2.0.nc']
2025,    12,  29,      6.596,      0.000, ['/disks/sidads_ftp/DATASETS/nsidc0803_daily_a2_seaice_conc_v2/NSIDC-0803_SEAICE_AMSR2_S_20251229_v2.0.nc']
2025,    12,  30,      6.356,      0.000,"['/disks/sidads_ftp/DATASETS/nsidc0803_daily_a2_seaice_conc_v2/NSIDC-0803_SEAICE_AMSR2_S_20251229_v2.0.nc', '/disks/sidads_ftp/DATASETS/nsidc0803_daily_a2_seaice_conc_v2/NSIDC-0803_SEAICE_AMSR2_S_20251230_v2.0.nc', '/disks/sidads_ftp/DATASETS/nsidc0803_daily_a2_seaice_conc_v2/NSIDC-0803_SEAICE_AMSR2_S_20251231_v2.0.nc']"
2025,    12,  31,      6.250,      0.000, ['/disks/sidads_ftp/DATASETS/nsidc0803_daily_a2_seaice_conc_v2/NSIDC-0803_SEAICE_AMSR2_S_20251231_v2.0.nc']
2026,    01,  01,      6.093,      0.000, ['/disks/sidads_ftp/DATASETS/nsidc0803_daily_a2_seaice_conc_v2/NSIDC-0803_SEAICE_AMSR2_S_20260101_v2.0.nc']
2026,    01,  02,      5.911,      0.000, ['/disks/sidads_ftp/DATASETS/nsidc0803_daily_a2_seaice_conc_v2/NSIDC-0803_SEAICE_AMSR2_S_20260102_v2.0.nc']
2026,    01,  03,      5.780,      0.000, ['/disks/sidads_ftp/DATASETS/nsidc0803_daily_a2_seaice_conc_v2/NSIDC-0803_SEAICE_AMSR2_S_20260103_v2.0.nc']
2026,    01,  04,      5.682,      0.000, ['/disks/sidads_ftp/DATASETS/nsidc0803_daily_a2_seaice_conc_v2/NSIDC-0803_SEAICE_AMSR2_S_20260104_v2.0.nc']
2026,    01,  05,      5.543,      0.000, ['/disks/sidads_ftp/DATASETS/nsidc0803_daily_a2_seaice_conc_v2/NSIDC-0803_SEAICE_AMSR2_S_20260105_v2.0.nc']
2026,    01,  06,      5.415,      0.000, ['/disks/sidads_ftp/DATASETS/nsidc0803_daily_a2_seaice_conc_v2/NSIDC-0803_SEAICE_AMSR2_S_20260106_v2.0.nc']
2026,    01,  07,      5.253,      0.000, ['/disks/sidads_ftp/DATASETS/nsidc0803_daily_a2_seaice_conc_v2/NSIDC-0803_SEAICE_AMSR2_S_20260107_v2.0.nc']
2026,    01,  08,      5.103,      0.000, ['/disks/sidads_ftp/DATASETS/nsidc0803_daily_a2_seaice_conc_v2/NSIDC-0803_SEAICE_AMSR2_S_20260108_v2.0.nc']
2026,    01,  09,      4.926,      0.000, ['/disks/sidads_ftp/DATASETS/nsidc0803_daily_a2_seaice_conc_v2/NSIDC-0803_SEAICE_AMSR2_S_20260109_v2.0.nc']
2026,    01,  10,      4.862,      0.000, ['/disks/sidads_ftp/DATASETS/nsidc0803_daily_a2_seaice_conc_v2/NSIDC-0803_SEAICE_AMSR2_S_20260110_v2.0.nc']
2026,    01,  11,      4.783,      0.000, ['/disks/sidads_ftp/DATASETS/nsidc0803_daily_a2_seaice_conc_v2/NSIDC-0803_SEAICE_AMSR2_S_20260111_v2.0.nc']
2026,    01,  12,      4.598,      0.000, ['/disks/sidads_ftp/DATASETS/nsidc0803_daily_a2_seaice_conc_v2/NSIDC-0803_SEAICE_AMSR2_S_20260112_v2.0.nc']
2026,    01,  13,      4.541,      0.000, ['/disks/sidads_ftp/DATASETS/nsidc0803_daily_a2_seaice_conc_v2/NSIDC-0803_SEAICE_AMSR2_S_20260113_v2.0.nc']
2026,    01,  14,      4.482,      0.000, ['/disks/sidads_ftp/DATASETS/nsidc0803_daily_a2_seaice_conc_v2/NSIDC-0803_SEAICE_AMSR2_S_20260114_v2.0.nc']
2026,    01,  15,      4.411,      0.000, ['/disks/sidads_ftp/DATASETS/nsidc0803_daily_a2_seaice_conc_v2/NSIDC-0803_SEAICE_AMSR2_S_20260115_v2.0.nc']
2026,    01,  16,      4.335,      0.000, ['/disks/sidads_ftp/DATASETS/nsidc0803_daily_a2_seaice_conc_v2/NSIDC-0803_SEAICE_AMSR2_S_20260116_v2.0.nc']
2026,    01,  17,      4.275,      0.000, ['/disks/sidads_ftp/DATASETS/nsidc0803_daily_a2_seaice_conc_v2/NSIDC-0803_SEAICE_AMSR2_S_20260117_v2.0.nc']
2026,    01,  18,      4.239,      0.000, ['/disks/sidads_ftp/DATASETS/nsidc0803_daily_a2_seaice_conc_v2/NSIDC-0803_SEAICE_AMSR2_S_20260118_v2.0.nc']
2026,    01,  19,      4.144,      0.000, ['/disks/sidads_ftp/DATASETS/nsidc0803_daily_a2_seaice_conc_v2/NSIDC-0803_SEAICE_AMSR2_S_20260119_v2.0.nc']
2026,    01,  20,      4.051,      0.000, ['/disks/sidads_ftp/DATASETS/nsidc0803_daily_a2_seaice_conc_v2/NSIDC-0803_SEAICE_AMSR2_S_20260120_v2.0.nc']
2026,    01,  21,      3.969,      0.000, ['/disks/sidads_ftp/DATASETS/nsidc0803_daily_a2_seaice_conc_v2/NSIDC-0803_SEAICE_AMSR2_S_20260121_v2.0.nc']
2026,    01,  22,      3.927,      0.000, ['/disks/sidads_ftp/DATASETS/nsidc0803_daily_a2_seaice_conc_v2/NSIDC-0803_SEAICE_AMSR2_S_20260122_v2.0.nc']
2026,    01,  23,      3.858,      0.000, ['/disks/sidads_ftp/DATASETS/nsidc0803_daily_a2_seaice_conc_v2/NSIDC-0803_SEAICE_AMSR2_S_20260123_v2.0.nc']
2026,    01,  24,      3.784,      0.000, ['/disks/sidads_ftp/DATASETS/nsidc0803_daily_a2_seaice_conc_v2/NSIDC-0803_SEAICE_AMSR2_S_20260124_v2.0.nc']
2026,    01,  25,      3.690,      0.000, ['/disks/sidads_ftp/DATASETS/nsidc0803_daily_a2_seaice_conc_v2/NSIDC-0803_SEAICE_AMSR2_S_20260125_v2.0.nc']
2026,    01,  26,      3.654,      0.000, ['/disks/sidads_ftp/DATASETS/nsidc0803_daily_a2_seaice_conc_v2/NSIDC-0803_SEAICE_AMSR2_S_20260126_v2.0.nc']
2026,    01,  27,      3.621,      0.000, ['/disks/sidads_ftp/DATASETS/nsidc0803_daily_a2_seaice_conc_v2/NSIDC-0803_SEAICE_AMSR2_S_20260127_v2.0.nc']
2026,    01,  28,      3.648,      0.000, ['/disks/sidads_ftp/DATASETS/nsidc0803_daily_a2_seaice_conc_v2/NSIDC-0803_SEAICE_AMSR2_S_20260128_v2.0.nc']
2026,    01,  29,      3.563,      0.000, ['/disks/sidads_ftp/DATASETS/nsidc0803_daily_a2_seaice_conc_v2/NSIDC-0803_SEAICE_AMSR2_S_20260129_v2.0.nc']
2026,    01,  30,      3.570,      0.000, ['/disks/sidads_ftp/DATASETS/nsidc0803_daily_a2_seaice_conc_v2/NSIDC-0803_SEAICE_AMSR2_S_20260130_v2.0.nc']
2026,    01,  31,      3.551,      0.000, ['/disks/sidads_ftp/DATASETS/nsidc0803_daily_a2_seaice_conc_v2/NSIDC-0803_SEAICE_AMSR2_S_20260131_v2.0.nc']
2026,    02,  01,      3.428,      0.000, ['/disks/sidads_ftp/DATASETS/nsidc0803_daily_a2_seaice_conc_v2/NSIDC-0803_SEAICE_AMSR2_S_20260201_v2.0.nc']
2026,    02,  02,      3.359,      0.000, ['/disks/sidads_ftp/DATASETS/nsidc0803_daily_a2_seaice_conc_v2/NSIDC-0803_SEAICE_AMSR2_S_20260202_v2.0.nc']
2026,    02,  03,      3.353,      0.000, ['/disks/sidads_ftp/DATASETS/nsidc0803_daily_a2_seaice_conc_v2/NSIDC-0803_SEAICE_AMSR2_S_20260203_v2.0.nc']
2026,    02,  04,      3.317,      0.000,"['/disks/sidads_ftp/DATASETS/nsidc0803_daily_a2_seaice_conc_v2/NSIDC-0803_SEAICE_AMSR2_S_20260203_v2.0.nc', '/disks/sidads_ftp/DATASETS/nsidc0803_daily_a2_seaice_conc_v2/NSIDC-0803_SEAICE_AMSR2_S_20260204_v2.0.nc', '/disks/sidads_ftp/DATASETS/nsidc0803_daily_a2_seaice_conc_v2/NSIDC-0803_SEAICE_AMSR2_S_20260205_v2.0.nc']"
2026,    02,  05,      3.274,      0.000, ['/disks/sidads_ftp/DATASETS/nsidc0803_daily_a2_seaice_conc_v2/NSIDC-0803_SEAICE_AMSR2_S_20260205_v2.0.nc']
2026,    02,  06,      3.210,      0.000, ['/disks/sidads_ftp/DATASETS/nsidc0803_daily_a2_seaice_conc_v2/NSIDC-0803_SEAICE_AMSR2_S_20260206_v2.0.nc']
2026,    02,  07,      3.124,      0.000,"['/disks/sidads_ftp/DATASETS/nsidc0803_daily_a2_seaice_conc_v2/NSIDC-0803_SEAICE_AMSR2_S_20260206_v2.0.nc', '/disks/sidads_ftp/DATASETS/nsidc0803_daily_a2_seaice_conc_v2/NSIDC-0803_SEAICE_AMSR2_S_20260207_v2.0.nc', '/disks/sidads_ftp/DATASETS/nsidc0803_daily_a2_seaice_conc_v2/NSIDC-0803_SEAICE_AMSR2_S_20260208_v2.0.nc']"
2026,    02,  08,      3.069,      0.000, ['/disks/sidads_ftp/DATASETS/nsidc0803_daily_a2_seaice_conc_v2/NSIDC-0803_SEAICE_AMSR2_S_20260208_v2.0.nc']
2026,    02,  09,      3.101,      0.000, ['/disks/sidads_ftp/DATASETS/nsidc0803_daily_a2_seaice_conc_v2/NSIDC-0803_SEAICE_AMSR2_S_20260209_v2.0.nc']
2026,    02,  10,      2.975,      0.000, ['/disks/sidads_ftp/DATASETS/nsidc0803_daily_a2_seaice_conc_v2/NSIDC-0803_SEAICE_AMSR2_S_20260210_v2.0.nc']
2026,    02,  11,      2.960,      0.000, ['/disks/sidads_ftp/DATASETS/nsidc0803_daily_a2_seaice_conc_v2/NSIDC-0803_SEAICE_AMSR2_S_20260211_v2.0.nc']
2026,    02,  12,      2.919,      0.000,"['/disks/sidads_ftp/DATASETS/nsidc0803_daily_a2_seaice_conc_v2/NSIDC-0803_SEAICE_AMSR2_S_20260211_v2.0.nc', '/disks/sidads_ftp/DATASETS/nsidc0803_daily_a2_seaice_conc_v2/NSIDC-0803_SEAICE_AMSR2_S_20260212_v2.0.nc', '/disks/sidads_ftp/DATASETS/nsidc0803_daily_a2_seaice_conc_v2/NSIDC-0803_SEAICE_AMSR2_S_20260213_v2.0.nc']"
2026,    02,  13,      2.881,      0.000,"['/disks/sidads_ftp/DATASETS/nsidc0803_daily_a2_seaice_conc_v2/NSIDC-0803_SEAICE_AMSR2_S_20260212_v2.0.nc', '/disks/sidads_ftp/DATASETS/nsidc0803_daily_a2_seaice_conc_v2/NSIDC-0803_SEAICE_AMSR2_S_20260213_v2.0.nc', '/disks/sidads_ftp/DATASETS/nsidc0803_daily_a2_seaice_conc_v2/NSIDC-0803_SEAICE_AMSR2_S_20260214_v2.0.nc']"
2026,    02,  14,      2.843,      0.000, ['/disks/sidads_ftp/DATASETS/nsidc0803_daily_a2_seaice_conc_v2/NSIDC-0803_SEAICE_AMSR2_S_20260214_v2.0.nc']
2026,    02,  15,      2.905,      0.000, ['/disks/sidads_ftp/DATASETS/nsidc0803_daily_a2_seaice_conc_v2/NSIDC-0803_SEAICE_AMSR2_S_20260215_v2.0.nc']
2026,    02,  16,      2.844,      0.000, ['/disks/sidads_ftp/DATASETS/nsidc0803_daily_a2_seaice_conc_v2/NSIDC-0803_SEAICE_AMSR2_S_20260216_v2.0.nc']
2026,    02,  17,      2.848,      0.000, ['/disks/sidads_ftp/DATASETS/nsidc0803_daily_a2_seaice_conc_v2/NSIDC-0803_SEAICE_AMSR2_S_20260217_v2.0.nc']
2026,    02,  18,      2.776,      0.000,"['/disks/sidads_ftp/DATASETS/nsidc0803_daily_a2_seaice_conc_v2/NSIDC-0803_SEAICE_AMSR2_S_20260217_v2.0.nc', '/disks/sidads_ftp/DATASETS/nsidc0803_daily_a2_seaice_conc_v2/NSIDC-0803_SEAICE_AMSR2_S_20260218_v2.0.nc', '/disks/sidads_ftp/DATASETS/nsidc0803_daily_a2_seaice_conc_v2/NSIDC-0803_SEAICE_AMSR2_S_20260219_v2.0.nc']"
2026,    02,  19,      2.732,      0.000, ['/disks/sidads_ftp/DATASETS/nsidc0803_daily_a2_seaice_conc_v2/NSIDC-0803_SEAICE_AMSR2_S_20260219_v2.0.nc']
2026,    02,  20,      2.686,      0.000, ['/disks/sidads_ftp/DATASETS/nsidc0803_daily_a2_seaice_conc_v2/NSIDC-0803_SEAICE_AMSR2_S_20260220_v2.0.nc']
2026,    02,  21,      2.665,      0.000,"['/disks/sidads_ftp/DATASETS/nsidc0803_daily_a2_seaice_conc_v2/NSIDC-0803_SEAICE_AMSR2_S_20260220_v2.0.nc', '/disks/sidads_ftp/DATASETS/nsidc0803_daily_a2_seaice_conc_v2/NSIDC-0803_SEAICE_AMSR2_S_20260221_v2.0.nc', '/disks/sidads_ftp/DATASETS/nsidc0803_daily_a2_seaice_conc_v2/NSIDC-0803_SEAICE_AMSR2_S_20260222_v2.0.nc']"
2026,    02,  22,      2.627,      0.000,"['/disks/sidads_ftp/DATASETS/nsidc0803_daily_a2_seaice_conc_v2/NSIDC-0803_SEAICE_AMSR2_S_20260221_v2.0.nc', '/disks/sidads_ftp/DATASETS/nsidc0803_daily_a2_seaice_conc_v2/NSIDC-0803_SEAICE_AMSR2_S_20260222_v2.0.nc', '/disks/sidads_ftp/DATASETS/nsidc0803_daily_a2_seaice_conc_v2/NSIDC-0803_SEAICE_AMSR2_S_20260223_v2.0.nc']"
2026,    02,  23,      2.597,      0.000, ['/disks/sidads_ftp/DATASETS/nsidc0803_daily_a2_seaice_conc_v2/NSIDC-0803_SEAICE_AMSR2_S_20260223_v2.0.nc']
2026,    02,  24,      2.563,      0.000, ['/disks/sidads_ftp/DATASETS/nsidc0803_daily_a2_seaice_conc_v2/NSIDC-0803_SEAICE_AMSR2_S_20260224_v2.0.nc']
2026,    02,  25,      2.571,      0.000,"['/disks/sidads_ftp/DATASETS/nsidc0803_daily_a2_seaice_conc_v2/NSIDC-0803_SEAICE_AMSR2_S_20260224_v2.0.nc', '/disks/sidads_ftp/DATASETS/nsidc0803_daily_a2_seaice_conc_v2/NSIDC-0803_SEAICE_AMSR2_S_20260225_v2.0.nc', '/disks/sidads_ftp/DATASETS/nsidc0803_daily_a2_seaice_conc_v2/NSIDC-0803_SEAICE_AMSR2_S_20260226_v2.0.nc']"
2026,    02,  26,      2.563,      0.000, ['/disks/sidads_ftp/DATASETS/nsidc0803_daily_a2_seaice_conc_v2/NSIDC-0803_SEAICE_AMSR2_S_20260226_v2.0.nc']
2026,    02,  27,      2.658,      0.000,"['/disks/sidads_ftp/DATASETS/nsidc0803_daily_a2_seaice_conc_v2/NSIDC-0803_SEAICE_AMSR2_S_20260226_v2.0.nc', '/disks/sidads_ftp/DATASETS/nsidc0803_daily_a2_seaice_conc_v2/NSIDC-0803_SEAICE_AMSR2_S_20260227_v2.0.nc', '/disks/sidads_ftp/DATASETS/nsidc0803_daily_a2_seaice_conc_v2/NSIDC-0803_SEAICE_AMSR2_S_20260228_v2.0.nc']"
2026,    02,  28,      2.681,      0.000,"['/disks/sidads_ftp/DATASETS/nsidc0803_daily_a2_seaice_conc_v2/NSIDC-0803_SEAICE_AMSR2_S_20260227_v2.0.nc', '/disks/sidads_ftp/DATASETS/nsidc0803_daily_a2_seaice_conc_v2/NSIDC-0803_SEAICE_AMSR2_S_20260228_v2.0.nc', '/disks/sidads_ftp/DATASETS/nsidc0803_daily_a2_seaice_conc_v2/NSIDC-0803_SEAICE_AMSR2_S_20260301_v2.0.nc']"
2026,    03,  01,      2.674,      0.000,"['/disks/sidads_ftp/DATASETS/nsidc0803_daily_a2_seaice_conc_v2/NSIDC-0803_SEAICE_AMSR2_S_20260228_v2.0.nc', '/disks/sidads_ftp/DATASETS/nsidc0803_daily_a2_seaice_conc_v2/NSIDC-0803_SEAICE_AMSR2_S_20260301_v2.0.nc', '/disks/sidads_ftp/DATASETS/nsidc0803_daily_a2_seaice_conc_v2/NSIDC-0803_SEAICE_AMSR2_S_20260302_v2.0.nc']"
2026,    03,  02,      2.736,      0.000,"['/disks/sidads_ftp/DATASETS/nsidc0803_daily_a2_seaice_conc_v2/NSIDC-0803_SEAICE_AMSR2_S_20260301_v2.0.nc', '/disks/sidads_ftp/DATASETS/nsidc0803_daily_a2_seaice_conc_v2/NSIDC-0803_SEAICE_AMSR2_S_20260302_v2.0.nc', '/disks/sidads_ftp/DATASETS/nsidc0803_daily_a2_seaice_conc_v2/NSIDC-0803_SEAICE_AMSR2_S_20260303_v2.0.nc']"
2026,    03,  03,      2.773,      0.000, ['/disks/sidads_ftp/DATASETS/nsidc0803_daily_a2_seaice_conc_v2/NSIDC-0803_SEAICE_AMSR2_S_20260303_v2.0.nc']
2026,    03,  04,      2.836,      0.000, ['/disks/sidads_ftp/DATASETS/nsidc0803_daily_a2_seaice_conc_v2/NSIDC-0803_SEAICE_AMSR2_S_20260304_v2.0.nc']
2026,    03,  05,      2.918,      0.000,"['/disks/sidads_ftp/DATASETS/nsidc0803_daily_a2_seaice_conc_v2/NSIDC-0803_SEAICE_AMSR2_S_20260304_v2.0.nc', '/disks/sidads_ftp/DATASETS/nsidc0803_daily_a2_seaice_conc_v2/NSIDC-0803_SEAICE_AMSR2_S_20260305_v2.0.nc', '/disks/sidads_ftp/DATASETS/nsidc0803_daily_a2_seaice_conc_v2/NSIDC-0803_SEAICE_AMSR2_S_20260306_v2.0.nc']"
2026,    03,  06,      2.981,      0.000,"['/disks/sidads_ftp/DATASETS/nsidc0803_daily_a2_seaice_conc_v2/NSIDC-0803_SEAICE_AMSR2_S_20260305_v2.0.nc', '/disks/sidads_ftp/DATASETS/nsidc0803_daily_a2_seaice_conc_v2/NSIDC-0803_SEAICE_AMSR2_S_20260306_v2.0.nc', '/disks/sidads_ftp/DATASETS/nsidc0803_daily_a2_seaice_conc_v2/NSIDC-0803_SEAICE_AMSR2_S_20260307_v2.0.nc']"
2026,    03,  07,      2.989,      0.000, ['/disks/sidads_ftp/DATASETS/nsidc0803_daily_a2_seaice_conc_v2/NSIDC-0803_SEAICE_AMSR2_S_20260307_v2.0.nc']
2026,    03,  08,      3.051,      0.000,"['/disks/sidads_ftp/DATASETS/nsidc0803_daily_a2_seaice_conc_v2/NSIDC-0803_SEAICE_AMSR2_S_20260307_v2.0.nc', '/disks/sidads_ftp/DATASETS/nsidc0803_daily_a2_seaice_conc_v2/NSIDC-0803_SEAICE_AMSR2_S_20260308_v2.0.nc', '/disks/sidads_ftp/DATASETS/nsidc0803_daily_a2_seaice_conc_v2/NSIDC-0803_SEAICE_AMSR2_S_20260309_v2.0.nc']"
2026,    03,  09,      3.076,      0.000,"['/disks/sidads_ftp/DATASETS/nsidc0803_daily_a2_seaice_conc_v2/NSIDC-0803_SEAICE_AMSR2_S_20260308_v2.0.nc', '/disks/sidads_ftp/DATASETS/nsidc0803_daily_a2_seaice_conc_v2/NSIDC-0803_SEAICE_AMSR2_S_20260309_v2.0.nc', '/disks/sidads_ftp/DATASETS/nsidc0803_daily_a2_seaice_conc_v2/NSIDC-0803_SEAICE_AMSR2_S_20260310_v2.0.nc']"
2026,    03,  10,      3.134,      0.000,"['/disks/sidads_ftp/DATASETS/nsidc0803_daily_a2_seaice_conc_v2/NSIDC-0803_SEAICE_AMSR2_S_20260309_v2.0.nc', '/disks/sidads_ftp/DATASETS/nsidc0803_daily_a2_seaice_conc_v2/NSIDC-0803_SEAICE_AMSR2_S_20260310_v2.0.nc', '/disks/sidads_ftp/DATASETS/nsidc0803_daily_a2_seaice_conc_v2/NSIDC-0803_SEAICE_AMSR2_S_20260311_v2.0.nc']"
2026,    03,  11,      3.238,      0.000, ['/disks/sidads_ftp/DATASETS/nsidc0803_daily_a2_seaice_conc_v2/NSIDC-0803_SEAICE_AMSR2_S_20260311_v2.0.nc']
2026,    03,  12,      3.289,      0.000,"['/disks/sidads_ftp/DATASETS/nsidc0803_daily_a2_seaice_conc_v2/NSIDC-0803_SEAICE_AMSR2_S_20260311_v2.0.nc', '/disks/sidads_ftp/DATASETS/nsidc0803_daily_a2_seaice_conc_v2/NSIDC-0803_SEAICE_AMSR2_S_20260312_v2.0.nc', '/disks/sidads_ftp/DATASETS/nsidc0803_daily_a2_seaice_conc_v2/NSIDC-0803_SEAICE_AMSR2_S_20260313_v2.0.nc']"
2026,    03,  13,      3.316,      0.000,"['/disks/sidads_ftp/DATASETS/nsidc0803_daily_a2_seaice_conc_v2/NSIDC-0803_SEAICE_AMSR2_S_20260312_v2.0.nc', '/disks/sidads_ftp/DATASETS/nsidc0803_daily_a2_seaice_conc_v2/NSIDC-0803_SEAICE_AMSR2_S_20260313_v2.0.nc', '/disks/sidads_ftp/DATASETS/nsidc0803_daily_a2_seaice_conc_v2/NSIDC-0803_SEAICE_AMSR2_S_20260314_v2.0.nc']"
2026,    03,  14,      3.365,      0.000, ['/disks/sidads_ftp/DATASETS/nsidc0803_daily_a2_seaice_conc_v2/NSIDC-0803_SEAICE_AMSR2_S_20260314_v2.0.nc']
2026,    03,  15,      3.369,      0.000,"['/disks/sidads_ftp/DATASETS/nsidc0803_daily_a2_seaice_conc_v2/NSIDC-0803_SEAICE_AMSR2_S_20260314_v2.0.nc', '/disks/sidads_ftp/DATASETS/nsidc0803_daily_a2_seaice_conc_v2/NSIDC-0803_SEAICE_AMSR2_S_20260315_v2.0.nc', '/disks/sidads_ftp/DATASETS/nsidc0803_daily_a2_seaice_conc_v2/NSIDC-0803_SEAICE_AMSR2_S_20260316_v2.0.nc']"
2026,    03,  16,      3.493,      0.000, ['/disks/sidads_ftp/DATASETS/nsidc0803_daily_a2_seaice_conc_v2/NSIDC-0803_SEAICE_AMSR2_S_20260316_v2.0.nc']
2026,    03,  17,      3.577,      0.000,"['/disks/sidads_ftp/DATASETS/nsidc0803_daily_a2_seaice_conc_v2/NSIDC-0803_SEAICE_AMSR2_S_20260316_v2.0.nc', '/disks/sidads_ftp/DATASETS/nsidc0803_daily_a2_seaice_conc_v2/NSIDC-0803_SEAICE_AMSR2_S_20260317_v2.0.nc', '/disks/sidads_ftp/DATASETS/nsidc0803_daily_a2_seaice_conc_v2/NSIDC-0803_SEAICE_AMSR2_S_20260318_v2.0.nc']"
2026,    03,  18,      3.644,      0.000, ['/disks/sidads_ftp/DATASETS/nsidc0803_daily_a2_seaice_conc_v2/NSIDC-0803_SEAICE_AMSR2_S_20260318_v2.0.nc']
2026,    03,  19,      3.710,      0.000, ['/disks/sidads_ftp/DATASETS/nsidc0803_daily_a2_seaice_conc_v2/NSIDC-0803_SEAICE_AMSR2_S_20260319_v2.0.nc']
2026,    03,  20,      3.772,      0.000,"['/disks/sidads_ftp/DATASETS/nsidc0803_daily_a2_seaice_conc_v2/NSIDC-0803_SEAICE_AMSR2_S_20260319_v2.0.nc', '/disks/sidads_ftp/DATASETS/nsidc0803_daily_a2_seaice_conc_v2/NSIDC-0803_SEAICE_AMSR2_S_20260320_v2.0.nc', '/disks/sidads_ftp/DATASETS/nsidc0803_daily_a2_seaice_conc_v2/NSIDC-0803_SEAICE_AMSR2_S_20260321_v2.0.nc']"
2026,    03,  21,      3.866,      0.000, ['/disks/sidads_ftp/DATASETS/nsidc0803_daily_a2_seaice_conc_v2/NSIDC-0803_SEAICE_AMSR2_S_20260321_v2.0.nc']
2026,    03,  22,      3.962,      0.000,"['/disks/sidads_ftp/DATASETS/nsidc0803_daily_a2_seaice_conc_v2/NSIDC-0803_SEAICE_AMSR2_S_20260321_v2.0.nc', '/disks/sidads_ftp/DATASETS/nsidc0803_daily_a2_seaice_conc_v2/NSIDC-0803_SEAICE_AMSR2_S_20260322_v2.0.nc', '/disks/sidads_ftp/DATASETS/nsidc0803_daily_a2_seaice_conc_v2/NSIDC-0803_SEAICE_AMSR2_S_20260323_v2.0.nc']"
2026,    03,  23,      4.075,      0.000, ['/disks/sidads_ftp/DATASETS/nsidc0803_daily_a2_seaice_conc_v2/NSIDC-0803_SEAICE_AMSR2_S_20260323_v2.0.nc']
2026,    03,  24,      4.152,      0.000, ['/disks/sidads_ftp/DATASETS/nsidc0803_daily_a2_seaice_conc_v2/NSIDC-0803_SEAICE_AMSR2_S_20260324_v2.0.nc']
2026,    03,  25,      4.212,      0.000,"['/disks/sidads_ftp/DATASETS/nsidc0803_daily_a2_seaice_conc_v2/NSIDC-0803_SEAICE_AMSR2_S_20260324_v2.0.nc', '/disks/sidads_ftp/DATASETS/nsidc0803_daily_a2_seaice_conc_v2/NSIDC-0803_SEAICE_AMSR2_S_20260325_v2.0.nc', '/disks/sidads_ftp/DATASETS/nsidc0803_daily_a2_seaice_conc_v2/NSIDC-0803_SEAICE_AMSR2_S_20260326_v2.0.nc']"
2026,    03,  26,      4.195,      0.000, ['/disks/sidads_ftp/DATASETS/nsidc0803_daily_a2_seaice_conc_v2/NSIDC-0803_SEAICE_AMSR2_S_20260326_v2.0.nc']
2026,    03,  27,      4.245,      0.000, ['/disks/sidads_ftp/DATASETS/nsidc0803_daily_a2_seaice_conc_v2/NSIDC-0803_SEAICE_AMSR2_S_20260327_v2.0.nc']
2026,    03,  28,      4.339,      0.000,"['/disks/sidads_ftp/DATASETS/nsidc0803_daily_a2_seaice_conc_v2/NSIDC-0803_SEAICE_AMSR2_S_20260327_v2.0.nc', '/disks/sidads_ftp/DATASETS/nsidc0803_daily_a2_seaice_conc_v2/NSIDC-0803_SEAICE_AMSR2_S_20260328_v2.0.nc', '/disks/sidads_ftp/DATASETS/nsidc0803_daily_a2_seaice_conc_v2/NSIDC-0803_SEAICE_AMSR2_S_20260329_v2.0.nc']"
2026,    03,  29,      4.420,      0.000,"['/disks/sidads_ftp/DATASETS/nsidc0803_daily_a2_seaice_conc_v2/NSIDC-0803_SEAICE_AMSR2_S_20260328_v2.0.nc', '/disks/sidads_ftp/DATASETS/nsidc0803_daily_a2_seaice_conc_v2/NSIDC-0803_SEAICE_AMSR2_S_20260329_v2.0.nc', '/disks/sidads_ftp/DATASETS/nsidc0803_daily_a2_seaice_conc_v2/NSIDC-0803_SEAICE_AMSR2_S_20260330_v2.0.nc']"
2026,    03,  30,      4.497,      0.000, ['/disks/sidads_ftp/DATASETS/nsidc0803_daily_a2_seaice_conc_v2/NSIDC-0803_SEAICE_AMSR2_S_20260330_v2.0.nc']
2026,    03,  31,      4.690,      0.000,"['/disks/sidads_ftp/DATASETS/nsidc0803_daily_a2_seaice_conc_v2/NSIDC-0803_SEAICE_AMSR2_S_20260330_v2.0.nc', '/disks/sidads_ftp/DATASETS/nsidc0803_daily_a2_seaice_conc_v2/NSIDC-0803_SEAICE_AMSR2_S_20260331_v2.0.nc', '/disks/sidads_ftp/DATASETS/nsidc0803_daily_a2_seaice_conc_v2/NSIDC-0803_SEAICE_AMSR2_S_20260401_v2.0.nc']"
2026,    04,  01,      4.922,      0.000,"['/disks/sidads_ftp/DATASETS/nsidc0803_daily_a2_seaice_conc_v2/NSIDC-0803_SEAICE_AMSR2_S_20260331_v2.0.nc', '/disks/sidads_ftp/DATASETS/nsidc0803_daily_a2_seaice_conc_v2/NSIDC-0803_SEAICE_AMSR2_S_20260401_v2.0.nc', '/disks/sidads_ftp/DATASETS/nsidc0803_daily_a2_seaice_conc_v2/NSIDC-0803_SEAICE_AMSR2_S_20260402_v2.0.nc']"
2026,    04,  02,      4.861,      0.000, ['/disks/sidads_ftp/DATASETS/nsidc0803_daily_a2_seaice_conc_v2/NSIDC-0803_SEAICE_AMSR2_S_20260402_v2.0.nc']
2026,    04,  03,      4.914,      0.000, ['/disks/sidads_ftp/DATASETS/nsidc0803_daily_a2_seaice_conc_v2/NSIDC-0803_SEAICE_AMSR2_S_20260403_v2.0.nc']
2026,    04,  04,      4.958,      0.000,"['/disks/sidads_ftp/DATASETS/nsidc0803_daily_a2_seaice_conc_v2/NSIDC-0803_SEAICE_AMSR2_S_20260403_v2.0.nc', '/disks/sidads_ftp/DATASETS/nsidc0803_daily_a2_seaice_conc_v2/NSIDC-0803_SEAICE_AMSR2_S_20260404_v2.0.nc', '/disks/sidads_ftp/DATASETS/nsidc0803_daily_a2_seaice_conc_v2/NSIDC-0803_SEAICE_AMSR2_S_20260405_v2.0.nc']"
2026,    04,  05,      5.069,      0.000,"['/disks/sidads_ftp/DATASETS/nsidc0803_daily_a2_seaice_conc_v2/NSIDC-0803_SEAICE_AMSR2_S_20260404_v2.0.nc', '/disks/sidads_ftp/DATASETS/nsidc0803_daily_a2_seaice_conc_v2/NSIDC-0803_SEAICE_AMSR2_S_20260405_v2.0.nc', '/disks/sidads_ftp/DATASETS/nsidc0803_daily_a2_seaice_conc_v2/NSIDC-0803_SEAICE_AMSR2_S_20260406_v2.0.nc']"
2026,    04,  06,      5.254,      0.000, ['/disks/sidads_ftp/DATASETS/nsidc0803_daily_a2_seaice_conc_v2/NSIDC-0803_SEAICE_AMSR2_S_20260406_v2.0.nc']
2026,    04,  07,      5.387,      0.000,"['/disks/sidads_ftp/DATASETS/nsidc0803_daily_a2_seaice_conc_v2/NSIDC-0803_SEAICE_AMSR2_S_20260406_v2.0.nc', '/disks/sidads_ftp/DATASETS/nsidc0803_daily_a2_seaice_conc_v2/NSIDC-0803_SEAICE_AMSR2_S_20260407_v2.0.nc', '/disks/sidads_ftp/DATASETS/nsidc0803_daily_a2_seaice_conc_v2/NSIDC-0803_SEAICE_AMSR2_S_20260408_v2.0.nc']"
2026,    04,  08,      5.463,      0.000,"['/disks/sidads_ftp/DATASETS/nsidc0803_daily_a2_seaice_conc_v2/NSIDC-0803_SEAICE_AMSR2_S_20260407_v2.0.nc', '/disks/sidads_ftp/DATASETS/nsidc0803_daily_a2_seaice_conc_v2/NSIDC-0803_SEAICE_AMSR2_S_20260408_v2.0.nc', '/disks/sidads_ftp/DATASETS/nsidc0803_daily_a2_seaice_conc_v2/NSIDC-0803_SEAICE_AMSR2_S_20260409_v2.0.nc']"
2026,    04,  09,      5.520,      0.000,"['/disks/sidads_ftp/DATASETS/nsidc0803_daily_a2_seaice_conc_v2/NSIDC-0803_SEAICE_AMSR2_S_20260408_v2.0.nc', '/disks/sidads_ftp/DATASETS/nsidc0803_daily_a2_seaice_conc_v2/NSIDC-0803_SEAICE_AMSR2_S_20260409_v2.0.nc', '/disks/sidads_ftp/DATASETS/nsidc0803_daily_a2_seaice_conc_v2/NSIDC-0803_SEAICE_AMSR2_S_20260410_v2.0.nc']"
2026,    04,  10,      5.619,      0.000, ['/disks/sidads_ftp/DATASETS/nsidc0803_daily_a2_seaice_conc_v2/NSIDC-0803_SEAICE_AMSR2_S_20260410_v2.0.nc']
2026,    04,  11,      5.718,      0.000,"['/disks/sidads_ftp/DATASETS/nsidc0803_daily_a2_seaice_conc_v2/NSIDC-0803_SEAICE_AMSR2_S_20260410_v2.0.nc', '/disks/sidads_ftp/DATASETS/nsidc0803_daily_a2_seaice_conc_v2/NSIDC-0803_SEAICE_AMSR2_S_20260411_v2.0.nc', '/disks/sidads_ftp/DATASETS/nsidc0803_daily_a2_seaice_conc_v2/NSIDC-0803_SEAICE_AMSR2_S_20260412_v2.0.nc']"
2026,    04,  12,      5.806,      0.000,"['/disks/sidads_ftp/DATASETS/nsidc0803_daily_a2_seaice_conc_v2/NSIDC-0803_SEAICE_AMSR2_S_20260411_v2.0.nc', '/disks/sidads_ftp/DATASETS/nsidc0803_daily_a2_seaice_conc_v2/NSIDC-0803_SEAICE_AMSR2_S_20260412_v2.0.nc', '/disks/sidads_ftp/DATASETS/nsidc0803_daily_a2_seaice_conc_v2/NSIDC-0803_SEAICE_AMSR2_S_20260413_v2.0.nc']"
2026,    04,  13,      5.954,      0.000, ['/disks/sidads_ftp/DATASETS/nsidc0803_daily_a2_seaice_conc_v2/NSIDC-0803_SEAICE_AMSR2_S_20260413_v2.0.nc']
2026,    04,  14,      6.036,      0.000,"['/disks/sidads_ftp/DATASETS/nsidc0803_daily_a2_seaice_conc_v2/NSIDC-0803_SEAICE_AMSR2_S_20260413_v2.0.nc', '/disks/sidads_ftp/DATASETS/nsidc0803_daily_a2_seaice_conc_v2/NSIDC-0803_SEAICE_AMSR2_S_20260414_v2.0.nc', '/disks/sidads_ftp/DATASETS/nsidc0803_daily_a2_seaice_conc_v2/NSIDC-0803_SEAICE_AMSR2_S_20260415_v2.0.nc']"
2026,    04,  15,      6.186,      0.000,"['/disks/sidads_ftp/DATASETS/nsidc0803_daily_a2_seaice_conc_v2/NSIDC-0803_SEAICE_AMSR2_S_20260414_v2.0.nc', '/disks/sidads_ftp/DATASETS/nsidc0803_daily_a2_seaice_conc_v2/NSIDC-0803_SEAICE_AMSR2_S_20260415_v2.0.nc', '/disks/sidads_ftp/DATASETS/nsidc0803_daily_a2_seaice_conc_v2/NSIDC-0803_SEAICE_AMSR2_S_20260416_v2.0.nc']"
2026,    04,  16,      6.253,      0.000, ['/disks/sidads_ftp/DATASETS/nsidc0803_daily_a2_seaice_conc_v2/NSIDC-0803_SEAICE_AMSR2_S_20260416_v2.0.nc']
2026,    04,  17,      6.315,      0.000,"['/disks/sidads_ftp/DATASETS/nsidc0803_daily_a2_seaice_conc_v2/NSIDC-0803_SEAICE_AMSR2_S_20260416_v2.0.nc', '/disks/sidads_ftp/DATASETS/nsidc0803_daily_a2_seaice_conc_v2/NSIDC-0803_SEAICE_AMSR2_S_20260417_v2.0.nc', '/disks/sidads_ftp/DATASETS/nsidc0803_daily_a2_seaice_conc_v2/NSIDC-0803_SEAICE_AMSR2_S_20260418_v2.0.nc']"
2026,    04,  18,      6.397,      0.000, ['/disks/sidads_ftp/DATASETS/nsidc0803_daily_a2_seaice_conc_v2/NSIDC-0803_SEAICE_AMSR2_S_20260418_v2.0.nc']
2026,    04,  19,      6.542,      0.000, ['/disks/sidads_ftp/DATASETS/nsidc0803_daily_a2_seaice_conc_v2/NSIDC-0803_SEAICE_AMSR2_S_20260419_v2.0.nc']
2026,    04,  20,      6.626,      0.000,"['/disks/sidads_ftp/DATASETS/nsidc0803_daily_a2_seaice_conc_v2/NSIDC-0803_SEAICE_AMSR2_S_20260419_v2.0.nc', '/disks/sidads_ftp/DATASETS/nsidc0803_daily_a2_seaice_conc_v2/NSIDC-0803_SEAICE_AMSR2_S_20260420_v2.0.nc', '/disks/sidads_ftp/DATASETS/nsidc0803_daily_a2_seaice_conc_v2/NSIDC-0803_SEAICE_AMSR2_S_20260421_v2.0.nc']"
2026,    04,  21,      6.724,      0.000,"['/disks/sidads_ftp/DATASETS/nsidc0803_daily_a2_seaice_conc_v2/NSIDC-0803_SEAICE_AMSR2_S_20260420_v2.0.nc', '/disks/sidads_ftp/DATASETS/nsidc0803_daily_a2_seaice_conc_v2/NSIDC-0803_SEAICE_AMSR2_S_20260421_v2.0.nc', '/disks/sidads_ftp/DATASETS/nsidc0803_daily_a2_seaice_conc_v2/NSIDC-0803_SEAICE_AMSR2_S_20260422_v2.0.nc']"
2026,    04,  22,      6.860,      0.000, ['/disks/sidads_ftp/DATASETS/nsidc0803_daily_a2_seaice_conc_v2/NSIDC-0803_SEAICE_AMSR2_S_20260422_v2.0.nc']
2026,    04,  23,      6.879,      0.000, ['/disks/sidads_ftp/DATASETS/nsidc0803_daily_a2_seaice_conc_v2/NSIDC-0803_SEAICE_AMSR2_S_20260423_v2.0.nc']
2026,    04,  24,      6.950,      0.000, ['/disks/sidads_ftp/DATASETS/nsidc0803_daily_a2_seaice_conc_v2/NSIDC-0803_SEAICE_AMSR2_S_20260424_v2.0.nc']
2026,    04,  25,      7.018,      0.000,"['/disks/sidads_ftp/DATASETS/nsidc0803_daily_a2_seaice_conc_v2/NSIDC-0803_SEAICE_AMSR2_S_20260424_v2.0.nc', '/disks/sidads_ftp/DATASETS/nsidc0803_daily_a2_seaice_conc_v2/NSIDC-0803_SEAICE_AMSR2_S_20260425_v2.0.nc', '/disks/sidads_ftp/DATASETS/nsidc0803_daily_a2_seaice_conc_v2/NSIDC-0803_SEAICE_AMSR2_S_20260426_v2.0.nc']"
2026,    04,  26,      7.153,      0.000,"['/disks/sidads_ftp/DATASETS/nsidc0803_daily_a2_seaice_conc_v2/NSIDC-0803_SEAICE_AMSR2_S_20260425_v2.0.nc', '/disks/sidads_ftp/DATASETS/nsidc0803_daily_a2_seaice_conc_v2/NSIDC-0803_SEAICE_AMSR2_S_20260426_v2.0.nc', '/disks/sidads_ftp/DATASETS/nsidc0803_daily_a2_seaice_conc_v2/NSIDC-0803_SEAICE_AMSR2_S_20260427_v2.0.nc']"
2026,    04,  27,      7.341,      0.000,"['/disks/sidads_ftp/DATASETS/nsidc0803_daily_a2_seaice_conc_v2/NSIDC-0803_SEAICE_AMSR2_S_20260426_v2.0.nc', '/disks/sidads_ftp/DATASETS/nsidc0803_daily_a2_seaice_conc_v2/NSIDC-0803_SEAICE_AMSR2_S_20260427_v2.0.nc', '/disks/sidads_ftp/DATASETS/nsidc0803_daily_a2_seaice_conc_v2/NSIDC-0803_SEAICE_AMSR2_S_20260428_v2.0.nc']"
2026,    04,  28,      7.434,      0.000, ['/disks/sidads_ftp/DATASETS/nsidc0803_daily_a2_seaice_conc_v2/NSIDC-0803_SEAICE_AMSR2_S_20260428_v2.0.nc']
2026,    04,  29,      7.559,      0.000, ['/disks/sidads_ftp/DATASETS/nsidc0803_daily_a2_seaice_conc_v2/NSIDC-0803_SEAICE_AMSR2_S_20260429_v2.0.nc']
2026,    04,  30,      7.631,      0.000, ['/disks/sidads_ftp/DATASETS/nsidc0803_daily_a2_seaice_conc_v2/NSIDC-0803_SEAICE_AMSR2_S_20260430_v2.0.nc']
2026,    05,  01,      7.773,      0.000,"['/disks/sidads_ftp/DATASETS/nsidc0803_daily_a2_seaice_conc_v2/NSIDC-0803_SEAICE_AMSR2_S_20260430_v2.0.nc', '/disks/sidads_ftp/DATASETS/nsidc0803_daily_a2_seaice_conc_v2/NSIDC-0803_SEAICE_AMSR2_S_20260501_v2.0.nc', '/disks/sidads_ftp/DATASETS/nsidc0803_daily_a2_seaice_conc_v2/NSIDC-0803_SEAICE_AMSR2_S_20260502_v2.0.nc']"
2026,    05,  02,      7.907,      0.000,"['/disks/sidads_ftp/DATASETS/nsidc0803_daily_a2_seaice_conc_v2/NSIDC-0803_SEAICE_AMSR2_S_20260501_v2.0.nc', '/disks/sidads_ftp/DATASETS/nsidc0803_daily_a2_seaice_conc_v2/NSIDC-0803_SEAICE_AMSR2_S_20260502_v2.0.nc', '/disks/sidads_ftp/DATASETS/nsidc0803_daily_a2_seaice_conc_v2/NSIDC-0803_SEAICE_AMSR2_S_20260503_v2.0.nc']"
2026,    05,  03,      8.015,      0.000, ['/disks/sidads_ftp/DATASETS/nsidc0803_daily_a2_seaice_conc_v2/NSIDC-0803_SEAICE_AMSR2_S_20260503_v2.0.nc']
2026,    05,  04,      8.137,      0.000, ['/disks/sidads_ftp/DATASETS/nsidc0803_daily_a2_seaice_conc_v2/NSIDC-0803_SEAICE_AMSR2_S_20260504_v2.0.nc']
2026,    05,  05,      8.196,      0.000,"['/disks/sidads_ftp/DATASETS/nsidc0803_daily_a2_seaice_conc_v2/NSIDC-0803_SEAICE_AMSR2_S_20260504_v2.0.nc', '/disks/sidads_ftp/DATASETS/nsidc0803_daily_a2_seaice_conc_v2/NSIDC-0803_SEAICE_AMSR2_S_20260505_v2.0.nc', '/disks/sidads_ftp/DATASETS/nsidc0803_daily_a2_seaice_conc_v2/NSIDC-0803_SEAICE_AMSR2_S_20260506_v2.0.nc']"
2026,    05,  06,      8.326,      0.000, ['/disks/sidads_ftp/DATASETS/nsidc0803_daily_a2_seaice_conc_v2/NSIDC-0803_SEAICE_AMSR2_S_20260506_v2.0.nc']
2026,    05,  07,      8.427,      0.000, ['/disks/sidads_ftp/DATASETS/nsidc0803_daily_a2_seaice_conc_v2/NSIDC-0803_SEAICE_AMSR2_S_20260507_v2.0.nc']
2026,    05,  08,      8.551,      0.000, ['/disks/sidads_ftp/DATASETS/nsidc0803_daily_a2_seaice_conc_v2/NSIDC-0803_SEAICE_AMSR2_S_20260508_v2.0.nc']
2026,    05,  09,      8.703,      0.000, ['/disks/sidads_ftp/DATASETS/nsidc0803_daily_a2_seaice_conc_v2/NSIDC-0803_SEAICE_AMSR2_S_20260509_v2.0.nc']
2026,    05,  10,      8.800,      0.000, ['/disks/sidads_ftp/DATASETS/nsidc0803_daily_a2_seaice_conc_v2/NSIDC-0803_SEAICE_AMSR2_S_20260510_v2.0.nc']
2026,    05,  11,      8.937,      0.000, ['/disks/sidads_ftp/DATASETS/nsidc0803_daily_a2_seaice_conc_v2/NSIDC-0803_SEAICE_AMSR2_S_20260511_v2.0.nc']
2026,    05,  12,      9.032,      0.000, ['/disks/sidads_ftp/DATASETS/nsidc0803_daily_a2_seaice_conc_v2/NSIDC-0803_SEAICE_AMSR2_S_20260512_v2.0.nc']
2026,    05,  13,      9.148,      0.000, ['/disks/sidads_ftp/DATASETS/nsidc0803_daily_a2_seaice_conc_v2/NSIDC-0803_SEAICE_AMSR2_S_20260513_v2.0.nc']
2026,    05,  14,      9.229,      0.000, ['/disks/sidads_ftp/DATASETS/nsidc0803_daily_a2_seaice_conc_v2/NSIDC-0803_SEAICE_AMSR2_S_20260514_v2.0.nc']
2026,    05,  15,      9.276,      0.000, ['/disks/sidads_ftp/DATASETS/nsidc0803_daily_a2_seaice_conc_v2/NSIDC-0803_SEAICE_AMSR2_S_20260515_v2.0.nc']
2026,    05,  16,      9.311,      0.000,"['/disks/sidads_ftp/DATASETS/nsidc0803_daily_a2_seaice_conc_v2/NSIDC-0803_SEAICE_AMSR2_S_20260515_v2.0.nc', '/disks/sidads_ftp/DATASETS/nsidc0803_daily_a2_seaice_conc_v2/NSIDC-0803_SEAICE_AMSR2_S_20260516_v2.0.nc', '/disks/sidads_ftp/DATASETS/nsidc0803_daily_a2_seaice_conc_v2/NSIDC-0803_SEAICE_AMSR2_S_20260517_v2.0.nc']"
2026,    05,  17,      9.420,      0.000, ['/disks/sidads_ftp/DATASETS/nsidc0803_daily_a2_seaice_conc_v2/NSIDC-0803_SEAICE_AMSR2_S_20260517_v2.0.nc']
2026,    05,  18,      9.534,      0.000, ['/disks/sidads_ftp/DATASETS/nsidc0803_daily_a2_seaice_conc_v2/NSIDC-0803_SEAICE_AMSR2_S_20260518_v2.0.nc']
2026,    05,  19,      9.602,      0.000, ['/disks/sidads_ftp/DATASETS/nsidc0803_daily_a2_seaice_conc_v2/NSIDC-0803_SEAICE_AMSR2_S_20260519_v2.0.nc']
2026,    05,  20,      9.676,      0.000, ['/disks/sidads_ftp/DATASETS/nsidc0803_daily_a2_seaice_conc_v2/NSIDC-0803_SEAICE_AMSR2_S_20260520_v2.0.nc']
2026,    05,  21,      9.776,      0.000, ['/disks/sidads_ftp/DATASETS/nsidc0803_daily_a2_seaice_conc_v2/NSIDC-0803_SEAICE_AMSR2_S_20260521_v2.0.nc']
2026,    05,  22,      9.918,      0.000, ['/disks/sidads_ftp/DATASETS/nsidc0803_daily_a2_seaice_conc_v2/NSIDC-0803_SEAICE_AMSR2_S_20260522_v2.0.nc']
2026,    05,  23,     10.039,      0.000, ['/disks/sidads_ftp/DATASETS/nsidc0803_daily_a2_seaice_conc_v2/NSIDC-0803_SEAICE_AMSR2_S_20260523_v2.0.nc']
2026,    05,  24,     10.115,      0.000, ['/disks/sidads_ftp/DATASETS/nsidc0803_daily_a2_seaice_conc_v2/NSIDC-0803_SEAICE_AMSR2_S_20260524_v2.0.nc']
2026,    05,  25,     10.246,      0.000, ['/disks/sidads_ftp/DATASETS/nsidc0803_daily_a2_seaice_conc_v2/NSIDC-0803_SEAICE_AMSR2_S_20260525_v2.0.nc']
2026,    05,  26,     10.323,      0.000,"['/disks/sidads_ftp/DATASETS/nsidc0803_daily_a2_seaice_conc_v2/NSIDC-0803_SEAICE_AMSR2_S_20260525_v2.0.nc', '/disks/sidads_ftp/DATASETS/nsidc0803_daily_a2_seaice_conc_v2/NSIDC-0803_SEAICE_AMSR2_S_20260526_v2.0.nc', '/disks/sidads_ftp/DATASETS/nsidc0803_daily_a2_seaice_conc_v2/NSIDC-0803_SEAICE_AMSR2_S_20260527_v2.0.nc']"
2026,    05,  27,     10.431,      0.000, ['/disks/sidads_ftp/DATASETS/nsidc0803_daily_a2_seaice_conc_v2/NSIDC-0803_SEAICE_AMSR2_S_20260527_v2.0.nc']
2026,    05,  28,     10.585,      0.000, ['/disks/sidads_ftp/DATASETS/nsidc0803_daily_a2_seaice_conc_v2/NSIDC-0803_SEAICE_AMSR2_S_20260528_v2.0.nc']
2026,    05,  29,     10.642,      0.000, ['/disks/sidads_ftp/DATASETS/nsidc0803_daily_a2_seaice_conc_v2/NSIDC-0803_SEAICE_AMSR2_S_20260529_v2.0.nc']
2026,    05,  30,     10.754,      0.000, ['/disks/sidads_ftp/DATASETS/nsidc0803_daily_a2_seaice_conc_v2/NSIDC-0803_SEAICE_AMSR2_S_20260530_v2.0.nc']
2026,    05,  31,     10.857,      0.000, ['/disks/sidads_ftp/DATASETS/nsidc0803_daily_a2_seaice_conc_v2/NSIDC-0803_SEAICE_AMSR2_S_20260531_v2.0.nc']
2026,    06,  01,     10.924,      0.000, ['/disks/sidads_ftp/DATASETS/nsidc0803_daily_a2_seaice_conc_v2/NSIDC-0803_SEAICE_AMSR2_S_20260601_v2.0.nc']
2026,    06,  02,     10.999,      0.000, ['/disks/sidads_ftp/DATASETS/nsidc0803_daily_a2_seaice_conc_v2/NSIDC-0803_SEAICE_AMSR2_S_20260602_v2.0.nc']
2026,    06,  03,     11.062,      0.000,"['/disks/sidads_ftp/DATASETS/nsidc0803_daily_a2_seaice_conc_v2/NSIDC-0803_SEAICE_AMSR2_S_20260602_v2.0.nc', '/disks/sidads_ftp/DATASETS/nsidc0803_daily_a2_seaice_conc_v2/NSIDC-0803_SEAICE_AMSR2_S_20260603_v2.0.nc', '/disks/sidads_ftp/DATASETS/nsidc0803_daily_a2_seaice_conc_v2/NSIDC-0803_SEAICE_AMSR2_S_20260604_v2.0.nc']"
2026,    06,  04,     11.111,      0.000,"['/disks/sidads_ftp/DATASETS/nsidc0803_daily_a2_seaice_conc_v2/NSIDC-0803_SEAICE_AMSR2_S_20260603_v2.0.nc', '/disks/sidads_ftp/DATASETS/nsidc0803_daily_a2_seaice_conc_v2/NSIDC-0803_SEAICE_AMSR2_S_20260604_v2.0.nc', '/disks/sidads_ftp/DATASETS/nsidc0803_daily_a2_seaice_conc_v2/NSIDC-0803_SEAICE_AMSR2_S_20260605_v2.0.nc']"
2026,    06,  05,     11.192,      0.000,"['/disks/sidads_ftp/DATASETS/nsidc0803_daily_a2_seaice_conc_v2/NSIDC-0803_SEAICE_AMSR2_S_20260604_v2.0.nc', '/disks/sidads_ftp/DATASETS/nsidc0803_daily_a2_seaice_conc_v2/NSIDC-0803_SEAICE_AMSR2_S_20260605_v2.0.nc', '/disks/sidads_ftp/DATASETS/nsidc0803_daily_a2_seaice_conc_v2/NSIDC-0803_SEAICE_AMSR2_S_20260606_v2.0.nc']"
2026,    06,  06,     11.226,      0.000,"['/disks/sidads_ftp/DATASETS/nsidc0803_daily_a2_seaice_conc_v2/NSIDC-0803_SEAICE_AMSR2_S_20260605_v2.0.nc', '/disks/sidads_ftp/DATASETS/nsidc0803_daily_a2_seaice_conc_v2/NSIDC-0803_SEAICE_AMSR2_S_20260606_v2.0.nc', '/disks/sidads_ftp/DATASETS/nsidc0803_daily_a2_seaice_conc_v2/NSIDC-0803_SEAICE_AMSR2_S_20260607_v2.0.nc']"
2026,    06,  07,     11.282,      0.000, ['/disks/sidads_ftp/DATASETS/nsidc0803_daily_a2_seaice_conc_v2/NSIDC-0803_SEAICE_AMSR2_S_20260607_v2.0.nc']
2026,    06,  08,     11.420,      0.000, ['/disks/sidads_ftp/DATASETS/nsidc0803_daily_a2_seaice_conc_v2/NSIDC-0803_SEAICE_AMSR2_S_20260608_v2.0.nc']
2026,    06,  09,     11.606,      0.000,"['/disks/sidads_ftp/DATASETS/nsidc0803_daily_a2_seaice_conc_v2/NSIDC-0803_SEAICE_AMSR2_S_20260608_v2.0.nc', '/disks/sidads_ftp/DATASETS/nsidc0803_daily_a2_seaice_conc_v2/NSIDC-0803_SEAICE_AMSR2_S_20260609_v2.0.nc', '/disks/sidads_ftp/DATASETS/nsidc0803_daily_a2_seaice_conc_v2/NSIDC-0803_SEAICE_AMSR2_S_20260610_v2.0.nc']"
2026,    06,  10,     11.693,      0.000,"['/disks/sidads_ftp/DATASETS/nsidc0803_daily_a2_seaice_conc_v2/NSIDC-0803_SEAICE_AMSR2_S_20260609_v2.0.nc', '/disks/sidads_ftp/DATASETS/nsidc0803_daily_a2_seaice_conc_v2/NSIDC-0803_SEAICE_AMSR2_S_20260610_v2.0.nc', '/disks/sidads_ftp/DATASETS/nsidc0803_daily_a2_seaice_conc_v2/NSIDC-0803_SEAICE_AMSR2_S_20260611_v2.0.nc']"
2026,    06,  11,     11.790,      0.000,"['/disks/sidads_ftp/DATASETS/nsidc0803_daily_a2_seaice_conc_v2/NSIDC-0803_SEAICE_AMSR2_S_20260610_v2.0.nc', '/disks/sidads_ftp/DATASETS/nsidc0803_daily_a2_seaice_conc_v2/NSIDC-0803_SEAICE_AMSR2_S_20260611_v2.0.nc', '/disks/sidads_ftp/DATASETS/nsidc0803_daily_a2_seaice_conc_v2/NSIDC-0803_SEAICE_AMSR2_S_20260612_v2.0.nc']"
2026,    06,  12,     11.858,      0.000, ['/disks/sidads_ftp/DATASETS/nsidc0803_daily_a2_seaice_conc_v2/NSIDC-0803_SEAICE_AMSR2_S_20260612_v2.0.nc']
2026,    06,  13,     11.903,      0.000,"['/disks/sidads_ftp/DATASETS/nsidc0803_daily_a2_seaice_conc_v2/NSIDC-0803_SEAICE_AMSR2_S_20260612_v2.0.nc', '/disks/sidads_ftp/DATASETS/nsidc0803_daily_a2_seaice_conc_v2/NSIDC-0803_SEAICE_AMSR2_S_20260613_v2.0.nc', '/disks/sidads_ftp/DATASETS/nsidc0803_daily_a2_seaice_conc_v2/NSIDC-0803_SEAICE_AMSR2_S_20260614_v2.0.nc']"
2026,    06,  14,     12.039,      0.000,"['/disks/sidads_ftp/DATASETS/nsidc0803_daily_a2_seaice_conc_v2/NSIDC-0803_SEAICE_AMSR2_S_20260613_v2.0.nc', '/disks/sidads_ftp/DATASETS/nsidc0803_daily_a2_seaice_conc_v2/NSIDC-0803_SEAICE_AMSR2_S_20260614_v2.0.nc', '/disks/sidads_ftp/DATASETS/nsidc0803_daily_a2_seaice_conc_v2/NSIDC-0803_SEAICE_AMSR2_S_20260615_v2.0.nc']"
2026,    06,  15,     12.183,      0.000,"['/disks/sidads_ftp/DATASETS/nsidc0803_daily_a2_seaice_conc_v2/NSIDC-0803_SEAICE_AMSR2_S_20260614_v2.0.nc', '/disks/sidads_ftp/DATASETS/nsidc0803_daily_a2_seaice_conc_v2/NSIDC-0803_SEAICE_AMSR2_S_20260615_v2.0.nc', '/disks/sidads_ftp/DATASETS/nsidc0803_daily_a2_seaice_conc_v2/NSIDC-0803_SEAICE_AMSR2_S_20260616_v2.0.nc']"
2026,    06,  16,     12.290,      0.000, ['/disks/sidads_ftp/DATASETS/nsidc0803_daily_a2_seaice_conc_v2/NSIDC-0803_SEAICE_AMSR2_S_20260616_v2.0.nc']
2026,    06,  17,     12.332,      0.000,"['/disks/sidads_ftp/DATASETS/nsidc0803_daily_a2_seaice_conc_v2/NSIDC-0803_SEAICE_AMSR2_S_20260616_v2.0.nc', '/disks/sidads_ftp/DATASETS/nsidc0803_daily_a2_seaice_conc_v2/NSIDC-0803_SEAICE_AMSR2_S_20260617_v2.0.nc', '/disks/sidads_ftp/DATASETS/nsidc0803_daily_a2_seaice_conc_v2/NSIDC-0803_SEAICE_AMSR2_S_20260618_v2.0.nc']"
2026,    06,  18,     12.411,      0.000,"['/disks/sidads_ftp/DATASETS/nsidc0803_daily_a2_seaice_conc_v2/NSIDC-0803_SEAICE_AMSR2_S_20260617_v2.0.nc', '/disks/sidads_ftp/DATASETS/nsidc0803_daily_a2_seaice_conc_v2/NSIDC-0803_SEAICE_AMSR2_S_20260618_v2.0.nc', '/disks/sidads_ftp/DATASETS/nsidc0803_daily_a2_seaice_conc_v2/NSIDC-0803_SEAICE_AMSR2_S_20260619_v2.0.nc']"
2026,    06,  19,     12.616,      0.000,"['/disks/sidads_ftp/DATASETS/nsidc0803_daily_a2_seaice_conc_v2/NSIDC-0803_SEAICE_AMSR2_S_20260618_v2.0.nc', '/disks/sidads_ftp/DATASETS/nsidc0803_daily_a2_seaice_conc_v2/NSIDC-0803_SEAICE_AMSR2_S_20260619_v2.0.nc', '/disks/sidads_ftp/DATASETS/nsidc0803_daily_a2_seaice_conc_v2/NSIDC-0803_SEAICE_AMSR2_S_20260620_v2.0.nc']"
2026,    06,  20,     12.929,      0.000, ['/disks/sidads_ftp/DATASETS/nsidc0803_daily_a2_seaice_conc_v2/NSIDC-0803_SEAICE_AMSR2_S_20260620_v2.0.nc']
2026,    06,  21,     13.077,      0.000, ['/disks/sidads_ftp/DATASETS/nsidc0803_daily_a2_seaice_conc_v2/NSIDC-0803_SEAICE_AMSR2_S_20260621_v2.0.nc']
2026,    06,  22,     13.176,      0.000,"['/disks/sidads_ftp/DATASETS/nsidc0803_daily_a2_seaice_conc_v2/NSIDC-0803_SEAICE_AMSR2_S_20260621_v2.0.nc', '/disks/sidads_ftp/DATASETS/nsidc0803_daily_a2_seaice_conc_v2/NSIDC-0803_SEAICE_AMSR2_S_20260622_v2.0.nc', '/disks/sidads_ftp/DATASETS/nsidc0803_daily_a2_seaice_conc_v2/NSIDC-0803_SEAICE_AMSR2_S_20260623_v2.0.nc']"
2026,    06,  23,     13.260,      0.000,"['/disks/sidads_ftp/DATASETS/nsidc0803_daily_a2_seaice_conc_v2/NSIDC-0803_SEAICE_AMSR2_S_20260622_v2.0.nc', '/disks/sidads_ftp/DATASETS/nsidc0803_daily_a2_seaice_conc_v2/NSIDC-0803_SEAICE_AMSR2_S_20260623_v2.0.nc', '/disks/sidads_ftp/DATASETS/nsidc0803_daily_a2_seaice_conc_v2/NSIDC-0803_SEAICE_AMSR2_S_20260624_v2.0.nc']"
2026,    06,  24,     13.410,      0.000, ['/disks/sidads_ftp/DATASETS/nsidc0803_daily_a2_seaice_conc_v2/NSIDC-0803_SEAICE_AMSR2_S_20260624_v2.0.nc']
2026,    06,  25,     13.512,      0.000, ['/disks/sidads_ftp/DATASETS/nsidc0803_daily_a2_seaice_conc_v2/NSIDC-0803_SEAICE_AMSR2_S_20260625_v2.0.nc']
2026,    06,  26,     13.584,      0.000,"['/disks/sidads_ftp/DATASETS/nsidc0803_daily_a2_seaice_conc_v2/NSIDC-0803_SEAICE_AMSR2_S_20260625_v2.0.nc', '/disks/sidads_ftp/DATASETS/nsidc0803_daily_a2_seaice_conc_v2/NSIDC-0803_SEAICE_AMSR2_S_20260626_v2.0.nc', '/disks/sidads_ftp/DATASETS/nsidc0803_daily_a2_seaice_conc_v2/NSIDC-0803_SEAICE_AMSR2_S_20260627_v2.0.nc']"
2026,    06,  27,     13.681,      0.000, ['/disks/sidads_ftp/DATASETS/nsidc0803_daily_a2_seaice_conc_v2/NSIDC-0803_SEAICE_AMSR2_S_20260627_v2.0.nc']
2026,    06,  28,     13.715,      0.000,"['/disks/sidads_ftp/DATASETS/nsidc0803_daily_a2_seaice_conc_v2/NSIDC-0803_SEAICE_AMSR2_S_20260627_v2.0.nc', '/disks/sidads_ftp/DATASETS/nsidc0803_daily_a2_seaice_conc_v2/NSIDC-0803_SEAICE_AMSR2_S_20260628_v2.0.nc', '/disks/sidads_ftp/DATASETS/nsidc0803_daily_a2_seaice_conc_v2/NSIDC-0803_SEAICE_AMSR2_S_20260629_v2.0.nc']"
2026,    06,  29,     13.764,      0.000,"['/disks/sidads_ftp/DATASETS/nsidc0803_daily_a2_seaice_conc_v2/NSIDC-0803_SEAICE_AMSR2_S_20260628_v2.0.nc', '/disks/sidads_ftp/DATASETS/nsidc0803_daily_a2_seaice_conc_v2/NSIDC-0803_SEAICE_AMSR2_S_20260629_v2.0.nc', '/disks/sidads_ftp/DATASETS/nsidc0803_daily_a2_seaice_conc_v2/NSIDC-0803_SEAICE_AMSR2_S_20260630_v2.0.nc']"
2026,    06,  30,     13.916,      0.000,"['/disks/sidads_ftp/DATASETS/nsidc0803_daily_a2_seaice_conc_v2/NSIDC-0803_SEAICE_AMSR2_S_20260629_v2.0.nc', '/disks/sidads_ftp/DATASETS/nsidc0803_daily_a2_seaice_conc_v2/NSIDC-0803_SEAICE_AMSR2_S_20260630_v2.0.nc', '/disks/sidads_ftp/DATASETS/nsidc0803_daily_a2_seaice_conc_v2/NSIDC-0803_SEAICE_AMSR2_S_20260701_v2.0.nc']"
2026,    07,  01,     14.036,      0.000, ['/disks/sidads_ftp/DATASETS/nsidc0803_daily_a2_seaice_conc_v2/NSIDC-0803_SEAICE_AMSR2_S_20260701_v2.0.nc']
2026,    07,  02,     14.099,      0.000,"['/disks/sidads_ftp/DATASETS/nsidc0803_daily_a2_seaice_conc_v2/NSIDC-0803_SEAICE_AMSR2_S_20260701_v2.0.nc', '/disks/sidads_ftp/DATASETS/nsidc0803_daily_a2_seaice_conc_v2/NSIDC-0803_SEAICE_AMSR2_S_20260702_v2.0.nc', '/disks/sidads_ftp/DATASETS/nsidc0803_daily_a2_seaice_conc_v2/NSIDC-0803_SEAICE_AMSR2_S_20260703_v2.0.nc']"
2026,    07,  03,     14.116,      0.000,"['/disks/sidads_ftp/DATASETS/nsidc0803_daily_a2_seaice_conc_v2/NSIDC-0803_SEAICE_AMSR2_S_20260702_v2.0.nc', '/disks/sidads_ftp/DATASETS/nsidc0803_daily_a2_seaice_conc_v2/NSIDC-0803_SEAICE_AMSR2_S_20260703_v2.0.nc', '/disks/sidads_ftp/DATASETS/nsidc0803_daily_a2_seaice_conc_v2/NSIDC-0803_SEAICE_AMSR2_S_20260704_v2.0.nc']"
2026,    07,  04,     14.199,      0.000,"['/disks/sidads_ftp/DATASETS/nsidc0803_daily_a2_seaice_conc_v2/NSIDC-0803_SEAICE_AMSR2_S_20260703_v2.0.nc', '/disks/sidads_ftp/DATASETS/nsidc0803_daily_a2_seaice_conc_v2/NSIDC-0803_SEAICE_AMSR2_S_20260704_v2.0.nc', '/disks/sidads_ftp/DATASETS/nsidc0803_daily_a2_seaice_conc_v2/NSIDC-0803_SEAICE_AMSR2_S_20260705_v2.0.nc']"
2026,    07,  05,     14.188,      0.000, ['/disks/sidads_ftp/DATASETS/nsidc0803_daily_a2_seaice_conc_v2/NSIDC-0803_SEAICE_AMSR2_S_20260705_v2.0.nc']
2026,    07,  06,     14.318,      0.000, ['/disks/sidads_ftp/DATASETS/nsidc0803_daily_a2_seaice_conc_v2/NSIDC-0803_SEAICE_AMSR2_S_20260706_v2.0.nc']
2026,    07,  07,     14.383,      0.000,"['/disks/sidads_ftp/DATASETS/nsidc0803_daily_a2_seaice_conc_v2/NSIDC-0803_SEAICE_AMSR2_S_20260706_v2.0.nc', '/disks/sidads_ftp/DATASETS/nsidc0803_daily_a2_seaice_conc_v2/NSIDC-0803_SEAICE_AMSR2_S_20260707_v2.0.nc', '/disks/sidads_ftp/DATASETS/nsidc0803_daily_a2_seaice_conc_v2/NSIDC-0803_SEAICE_AMSR2_S_20260708_v2.0.nc']"
2026,    07,  08,     14.452,      0.000, ['/disks/sidads_ftp/DATASETS/nsidc0803_daily_a2_seaice_conc_v2/NSIDC-0803_SEAICE_AMSR2_S_20260708_v2.0.nc']
2026,    07,  09,     14.473,      0.000,"['/disks/sidads_ftp/DATASETS/nsidc0803_daily_a2_seaice_conc_v2/NSIDC-0803_SEAICE_AMSR2_S_20260708_v2.0.nc', '/disks/sidads_ftp/DATASETS/nsidc0803_daily_a2_seaice_conc_v2/NSIDC-0803_SEAICE_AMSR2_S_20260709_v2.0.nc', '/disks/sidads_ftp/DATASETS/nsidc0803_daily_a2_seaice_conc_v2/NSIDC-0803_SEAICE_AMSR2_S_20260710_v2.0.nc']"
2026,    07,  10,     14.520,      0.000,"['/disks/sidads_ftp/DATASETS/nsidc0803_daily_a2_seaice_conc_v2/NSIDC-0803_SEAICE_AMSR2_S_20260709_v2.0.nc', '/disks/sidads_ftp/DATASETS/nsidc0803_daily_a2_seaice_conc_v2/NSIDC-0803_SEAICE_AMSR2_S_20260710_v2.0.nc', '/disks/sidads_ftp/DATASETS/nsidc0803_daily_a2_seaice_conc_v2/NSIDC-0803_SEAICE_AMSR2_S_20260711_v2.0.nc']"
2026,    07,  11,     14.596,      0.000,"['/disks/sidads_ftp/DATASETS/nsidc0803_daily_a2_seaice_conc_v2/NSIDC-0803_SEAICE_AMSR2_S_20260710_v2.0.nc', '/disks/sidads_ftp/DATASETS/nsidc0803_daily_a2_seaice_conc_v2/NSIDC-0803_SEAICE_AMSR2_S_20260711_v2.0.nc', '/disks/sidads_ftp/DATASETS/nsidc0803_daily_a2_seaice_conc_v2/NSIDC-0803_SEAICE_AMSR2_S_20260712_v2.0.nc']"
2026,    07,  12,     14.705,      0.000,"['/disks/sidads_ftp/DATASETS/nsidc0803_daily_a2_seaice_conc_v2/NSIDC-0803_SEAICE_AMSR2_S_20260711_v2.0.nc', '/disks/sidads_ftp/DATASETS/nsidc0803_daily_a2_seaice_conc_v2/NSIDC-0803_SEAICE_AMSR2_S_20260712_v2.0.nc', '/disks/sidads_ftp/DATASETS/nsidc0803_daily_a2_seaice_conc_v2/NSIDC-0803_SEAICE_AMSR2_S_20260713_v2.0.nc']"
2026,    07,  13,     14.844,      0.000,"['/disks/sidads_ftp/DATASETS/nsidc0803_daily_a2_seaice_conc_v2/NSIDC-0803_SEAICE_AMSR2_S_20260712_v2.0.nc', '/disks/sidads_ftp/DATASETS/nsidc0803_daily_a2_seaice_conc_v2/NSIDC-0803_SEAICE_AMSR2_S_20260713_v2.0.nc', '/disks/sidads_ftp/DATASETS/nsidc0803_daily_a2_seaice_conc_v2/NSIDC-0803_SEAICE_AMSR2_S_20260714_v2.0.nc']"
2026,    07,  14,     15.022,      0.000,"['/disks/sidads_ftp/DATASETS/nsidc0803_daily_a2_seaice_conc_v2/NSIDC-0803_SEAICE_AMSR2_S_20260713_v2.0.nc', '/disks/sidads_ftp/DATASETS/nsidc0803_daily_a2_seaice_conc_v2/NSIDC-0803_SEAICE_AMSR2_S_20260714_v2.0.nc', '/disks/sidads_ftp/DATASETS/nsidc0803_daily_a2_seaice_conc_v2/NSIDC-0803_SEAICE_AMSR2_S_20260715_v2.0.nc']"
2026,    07,  15,     15.018,      0.000,"['/disks/sidads_ftp/DATASETS/nsidc0803_daily_a2_seaice_conc_v2/NSIDC-0803_SEAICE_AMSR2_S_20260714_v2.0.nc', '/disks/sidads_ftp/DATASETS/nsidc0803_daily_a2_seaice_conc_v2/NSIDC-0803_SEAICE_AMSR2_S_20260715_v2.0.nc', '/disks/sidads_ftp/DATASETS/nsidc0803_daily_a2_seaice_conc_v2/NSIDC-0803_SEAICE_AMSR2_S_20260716_v2.0.nc']"
2026,    07,  16,     15.066,      0.000,"['/disks/sidads_ftp/DATASETS/nsidc0803_daily_a2_seaice_conc_v2/NSIDC-0803_SEAICE_AMSR2_S_20260715_v2.0.nc', '/disks/sidads_ftp/DATASETS/nsidc0803_daily_a2_seaice_conc_v2/NSIDC-0803_SEAICE_AMSR2_S_20260716_v2.0.nc', '/disks/sidads_ftp/DATASETS/nsidc0803_daily_a2_seaice_conc_v2/NSIDC-0803_SEAICE_AMSR2_S_20260717_v2.0.nc']"
2026,    07,  17,     15.119,      0.000,"['/disks/sidads_ftp/DATASETS/nsidc0803_daily_a2_seaice_conc_v2/NSIDC-0803_SEAICE_AMSR2_S_20260716_v2.0.nc', '/disks/sidads_ftp/DATASETS/nsidc0803_daily_a2_seaice_conc_v2/NSIDC-0803_SEAICE_AMSR2_S_20260717_v2.0.nc', '/disks/sidads_ftp/DATASETS/nsidc0803_daily_a2_seaice_conc_v2/NSIDC-0803_SEAICE_AMSR2_S_20260718_v2.0.nc']"
2026,    07,  18,     15.138,      0.000,"['/disks/sidads_ftp/DATASETS/nsidc0803_daily_a2_seaice_conc_v2/NSIDC-0803_SEAICE_AMSR2_S_20260717_v2.0.nc', '/disks/sidads_ftp/DATASETS/nsidc0803_daily_a2_seaice_conc_v2/NSIDC-0803_SEAICE_AMSR2_S_20260718_v2.0.nc', '/disks/sidads_ftp/DATASETS/nsidc0803_daily_a2_seaice_conc_v2/NSIDC-0803_SEAICE_AMSR2_S_20260719_v2.0.nc']"
2026,    07,  19,     15.173,      0.000,"['/disks/sidads_ftp/DATASETS/nsidc0803_daily_a2_seaice_conc_v2/NSIDC-0803_SEAICE_AMSR2_S_20260718_v2.0.nc', '/disks/sidads_ftp/DATASETS/nsidc0803_daily_a2_seaice_conc_v2/NSIDC-0803_SEAICE_AMSR2_S_20260719_v2.0.nc', '/disks/sidads_ftp/DATASETS/nsidc0803_daily_a2_seaice_conc_v2/NSIDC-0803_SEAICE_AMSR2_S_20260720_v2.0.nc']"
2026,    07,  20,     15.304,      0.000,"['/disks/sidads_ftp/DATASETS/nsidc0803_daily_a2_seaice_conc_v2/NSIDC-0803_SEAICE_AMSR2_S_20260719_v2.0.nc', '/disks/sidads_ftp/DATASETS/nsidc0803_daily_a2_seaice_conc_v2/NSIDC-0803_SEAICE_AMSR2_S_20260720_v2.0.nc', '/disks/sidads_ftp/DATASETS/nsidc0803_daily_a2_seaice_conc_v2/NSIDC-0803_SEAICE_AMSR2_S_20260721_v2.0.nc']"
2026,    07,  21,     15.420,      0.000,"['/disks/sidads_ftp/DATASETS/nsidc0803_daily_a2_seaice_conc_v2/NSIDC-0803_SEAICE_AMSR2_S_20260720_v2.0.nc', '/disks/sidads_ftp/DATASETS/nsidc0803_daily_a2_seaice_conc_v2/NSIDC-0803_SEAICE_AMSR2_S_20260721_v2.0.nc', '/disks/sidads_ftp/DATASETS/nsidc0803_daily_a2_seaice_conc_v2/NSIDC-0803_SEAICE_AMSR2_S_20260722_v2.0.nc']"
2026,    07,  22,     15.503,      0.000,"['/disks/sidads_ftp/DATASETS/nsidc0803_daily_a2_seaice_conc_v2/NSIDC-0803_SEAICE_AMSR2_S_20260721_v2.0.nc', '/disks/sidads_ftp/DATASETS/nsidc0803_daily_a2_seaice_conc_v2/NSIDC-0803_SEAICE_AMSR2_S_20260722_v2.0.nc', '/disks/sidads_ftp/DATASETS/nsidc0803_daily_a2_seaice_conc_v2/NSIDC-0803_SEAICE_AMSR2_S_20260723_v2.0.nc']"
2026,    07,  23,     15.583,      0.000, ['/disks/sidads_ftp/DATASETS/nsidc0803_daily_a2_seaice_conc_v2/NSIDC-0803_SEAICE_AMSR2_S_20260723_v2.0.nc']
2026,    07,  24,     15.555,      0.000, ['/disks/sidads_ftp/DATASETS/nsidc0803_daily_a2_seaice_conc_v2/NSIDC-0803_SEAICE_AMSR2_S_20260724_v2.0.nc']
2026,    07,  25,     15.604,      0.000,"['/disks/sidads_ftp/DATASETS/nsidc0803_daily_a2_seaice_conc_v2/NSIDC-0803_SEAICE_AMSR2_S_20260724_v2.0.nc', '/disks/sidads_ftp/DATASETS/nsidc0803_daily_a2_seaice_conc_v2/NSIDC-0803_SEAICE_AMSR2_S_20260725_v2.0.nc', '/disks/sidads_ftp/DATASETS/nsidc0803_daily_a2_seaice_conc_v2/NSIDC-0803_SEAICE_AMSR2_S_20260726_v2.0.nc']"
2026,    07,  26,     15.660,      0.000,"['/disks/sidads_ftp/DATASETS/nsidc0803_daily_a2_seaice_conc_v2/NSIDC-0803_SEAICE_AMSR2_S_20260725_v2.0.nc', '/disks/sidads_ftp/DATASETS/nsidc0803_daily_a2_seaice_conc_v2/NSIDC-0803_SEAICE_AMSR2_S_20260726_v2.0.nc', '/disks/sidads_ftp/DATASETS/nsidc0803_daily_a2_seaice_conc_v2/NSIDC-0803_SEAICE_AMSR2_S_20260727_v2.0.nc']"
2026,    07,  27,     15.695,      0.000, ['/disks/sidads_ftp/DATASETS/nsidc0803_daily_a2_seaice_conc_v2/NSIDC-0803_SEAICE_AMSR2_S_20260727_v2.0.nc']
2026,    07,  28,     15.812,      0.000, ['/disks/sidads_ftp/DATASETS/nsidc0803_daily_a2_seaice_conc_v2/NSIDC-0803_SEAICE_AMSR2_S_20260728_v2.0.nc']
2026,    07,  29,     15.864,      0.000,"['/disks/sidads_ftp/DATASETS/nsidc0803_daily_a2_seaice_conc_v2/NSIDC-0803_SEAICE_AMSR2_S_20260728_v2.0.nc', '/disks/sidads_ftp/DATASETS/nsidc0803_daily_a2_seaice_conc_v2/NSIDC-0803_SEAICE_AMSR2_S_20260729_v2.0.nc', '/disks/sidads_ftp/DATASETS/nsidc0803_daily_a2_seaice_conc_v2/NSIDC-0803_SEAICE_AMSR2_S_20260730_v2.0.nc']"
2026,    07,  30,     15.935,      0.000, ['/disks/sidads_ftp/DATASETS/nsidc0803_daily_a2_seaice_conc_v2/NSIDC-0803_SEAICE_AMSR2_S_20260730_v2.0.nc']
2026,    07,  31,     16.009,      0.000, ['/disks/sidads_ftp/DATASETS/nsidc0803_daily_a2_seaice_conc_v2/NSIDC-0803_SEAICE_AMSR2_S_20260731_v2.0.nc']
2026,    08,  01,     16.222,      0.000, ['/disks/sidads_ftp/DATASETS/nsidc0803_daily_a2_seaice_conc_v2/NSIDC-0803_SEAICE_AMSR2_S_20260801_v2.0.nc']
2026,    08,  02,     16.212,      0.000, ['/disks/sidads_ftp/DATASETS/nsidc0803_daily_a2_seaice_conc_v2/NSIDC-0803_SEAICE_AMSR2_S_20260802_v2.0.nc']
2026,    08,  03,     16.282,      0.000,"['/disks/sidads_ftp/DATASETS/nsidc0803_daily_a2_seaice_conc_v2/NSIDC-0803_SEAICE_AMSR2_S_20260802_v2.0.nc', '/disks/sidads_ftp/DATASETS/nsidc0803_daily_a2_seaice_conc_v2/NSIDC-0803_SEAICE_AMSR2_S_20260803_v2.0.nc', '/disks/sidads_ftp/DATASETS/nsidc0803_daily_a2_seaice_conc_v2/NSIDC-0803_SEAICE_AMSR2_S_20260804_v2.0.nc']"
2026,    08,  04,     16.369,      0.000,"['/disks/sidads_ftp/DATASETS/nsidc0803_daily_a2_seaice_conc_v2/NSIDC-0803_SEAICE_AMSR2_S_20260803_v2.0.nc', '/disks/sidads_ftp/DATASETS/nsidc0803_daily_a2_seaice_conc_v2/NSIDC-0803_SEAICE_AMSR2_S_20260804_v2.0.nc', '/disks/sidads_ftp/DATASETS/nsidc0803_daily_a2_seaice_conc_v2/NSIDC-0803_SEAICE_AMSR2_S_20260805_v2.0.nc']"
2026,    08,  05,     16.247,      0.000,"['/disks/sidads_ftp/DATASETS/nsidc0803_daily_a2_seaice_conc_v2/NSIDC-0803_SEAICE_AMSR2_S_20260804_v2.0.nc', '/disks/sidads_ftp/DATASETS/nsidc0803_daily_a2_seaice_conc_v2/NSIDC-0803_SEAICE_AMSR2_S_20260805_v2.0.nc', '/disks/sidads_ftp/DATASETS/nsidc0803_daily_a2_seaice_conc_v2/NSIDC-0803_SEAICE_AMSR2_S_20260806_v2.0.nc']"
2026,    08,  06,     16.322,      0.000, ['/disks/sidads_ftp/DATASETS/nsidc0803_daily_a2_seaice_conc_v2/NSIDC-0803_SEAICE_AMSR2_S_20260806_v2.0.nc']
2026,    08,  07,     16.341,      0.000,"['/disks/sidads_ftp/DATASETS/nsidc0803_daily_a2_seaice_conc_v2/NSIDC-0803_SEAICE_AMSR2_S_20260806_v2.0.nc', '/disks/sidads_ftp/DATASETS/nsidc0803_daily_a2_seaice_conc_v2/NSIDC-0803_SEAICE_AMSR2_S_20260807_v2.0.nc', '/disks/sidads_ftp/DATASETS/nsidc0803_daily_a2_seaice_conc_v2/NSIDC-0803_SEAICE_AMSR2_S_20260808_v2.0.nc']"
2026,    08,  08,     16.292,      0.000, ['/disks/sidads_ftp/DATASETS/nsidc0803_daily_a2_seaice_conc_v2/NSIDC-0803_SEAICE_AMSR2_S_20260808_v2.0.nc']
2026,    08,  09,     16.085,      0.000, ['/disks/sidads_ftp/DATASETS/nsidc0803_daily_a2_seaice_conc_v2/NSIDC-0803_SEAICE_AMSR2_S_20260809_v2.0.nc']
2026,    08,  10,     15.975,      0.000, ['/disks/sidads_ftp/DATASETS/nsidc0803_daily_a2_seaice_conc_v2/NSIDC-0803_SEAICE_AMSR2_S_20260810_v2.0.nc']
2026,    08,  11,     15.955,      0.000, ['/disks/sidads_ftp/DATASETS/nsidc0803_daily_a2_seaice_conc_v2/NSIDC-0803_SEAICE_AMSR2_S_20260811_v2.0.nc']
2026,    08,  12,     15.971,      0.000, ['/disks/sidads_ftp/DATASETS/nsidc0803_daily_a2_seaice_conc_v2/NSIDC-0803_SEAICE_AMSR2_S_20260812_v2.0.nc']
2026,    08,  13,     16.030,      0.000, ['/disks/sidads_ftp/DATASETS/nsidc0803_daily_a2_seaice_conc_v2/NSIDC-0803_SEAICE_AMSR2_S_20260813_v2.0.nc']
2026,    08,  14,     16.107,      0.000,"['/disks/sidads_ftp/DATASETS/nsidc0803_daily_a2_seaice_conc_v2/NSIDC-0803_SEAICE_AMSR2_S_20260813_v2.0.nc', '/disks/sidads_ftp/DATASETS/nsidc0803_daily_a2_seaice_conc_v2/NSIDC-0803_SEAICE_AMSR2_S_20260814_v2.0.nc', '/disks/sidads_ftp/DATASETS/nsidc0803_daily_a2_seaice_conc_v2/NSIDC-0803_SEAICE_AMSR2_S_20260815_v2.0.nc']"
2026,    08,  15,     16.170,      0.000, ['/disks/sidads_ftp/DATASETS/nsidc0803_daily_a2_seaice_conc_v2/NSIDC-0803_SEAICE_AMSR2_S_20260815_v2.0.nc']
2026,    08,  16,     16.288,      0.000, ['/disks/sidads_ftp/DATASETS/nsidc0803_daily_a2_seaice_conc_v2/NSIDC-0803_SEAICE_AMSR2_S_20260816_v2.0.nc']
2026,    08,  17,     16.312,      0.000, ['/disks/sidads_ftp/DATASETS/nsidc0803_daily_a2_seaice_conc_v2/NSIDC-0803_SEAICE_AMSR2_S_20260817_v2.0.nc']
2026,    08,  18,     16.388,      0.000, ['/disks/sidads_ftp/DATASETS/nsidc0803_daily_a2_seaice_conc_v2/NSIDC-0803_SEAICE_AMSR2_S_20260818_v2.0.nc']
2026,    08,  19,     16.429,      0.000,"['/disks/sidads_ftp/DATASETS/nsidc0803_daily_a2_seaice_conc_v2/NSIDC-0803_SEAICE_AMSR2_S_20260818_v2.0.nc', '/disks/sidads_ftp/DATASETS/nsidc0803_daily_a2_seaice_conc_v2/NSIDC-0803_SEAICE_AMSR2_S_20260819_v2.0.nc', '/disks/sidads_ftp/DATASETS/nsidc0803_daily_a2_seaice_conc_v2/NSIDC-0803_SEAICE_AMSR2_S_20260820_v2.0.nc']"
2026,    08,  20,     16.490,      0.000,"['/disks/sidads_ftp/DATASETS/nsidc0803_daily_a2_seaice_conc_v2/NSIDC-0803_SEAICE_AMSR2_S_20260819_v2.0.nc', '/disks/sidads_ftp/DATASETS/nsidc0803_daily_a2_seaice_conc_v2/NSIDC-0803_SEAICE_AMSR2_S_20260820_v2.0.nc', '/disks/sidads_ftp/DATASETS/nsidc0803_daily_a2_seaice_conc_v2/NSIDC-0803_SEAICE_AMSR2_S_20260821_v2.0.nc']"
2026,    08,  21,     16.443,      0.000, ['/disks/sidads_ftp/DATASETS/nsidc0803_daily_a2_seaice_conc_v2/NSIDC-0803_SEAICE_AMSR2_S_20260821_v2.0.nc']
2026,    08,  22,     16.414,      0.000, ['/disks/sidads_ftp/DATASETS/nsidc0803_daily_a2_seaice_conc_v2/NSIDC-0803_SEAICE_AMSR2_S_20260822_v2.0.nc']
2026,    08,  23,     16.592,      0.000, ['/disks/sidads_ftp/DATASETS/nsidc0803_daily_a2_seaice_conc_v2/NSIDC-0803_SEAICE_AMSR2_S_20260823_v2.0.nc']
2026,    08,  24,     16.818,      0.000, ['/disks/sidads_ftp/DATASETS/nsidc0803_daily_a2_seaice_conc_v2/NSIDC-0803_SEAICE_AMSR2_S_20260824_v2.0.nc']
2026,    08,  25,     16.898,      0.000, ['/disks/sidads_ftp/DATASETS/nsidc0803_daily_a2_seaice_conc_v2/NSIDC-0803_SEAICE_AMSR2_S_20260825_v2.0.nc']
2026,    08,  26,     16.970,      0.000, ['/disks/sidads_ftp/DATASETS/nsidc0803_daily_a2_seaice_conc_v2/NSIDC-0803_SEAICE_AMSR2_S_20260826_v2.0.nc']
2026,    08,  27,     16.944,      0.000, ['/disks/sidads_ftp/DATASETS/nsidc0803_daily_a2_seaice_conc_v2/NSIDC-0803_SEAICE_AMSR2_S_20260827_v2.0.nc']
2026,    08,  28,     17.039,      0.000, ['/disks/sidads_ftp/DATASETS/nsidc0803_daily_a2_seaice_conc_v2/NSIDC-0803_SEAICE_AMSR2_S_20260828_v2.0.nc']
2026,    08,  29,     17.139,      0.000, ['/disks/sidads_ftp/DATASETS/nsidc0803_daily_a2_seaice_conc_v2/NSIDC-0803_SEAICE_AMSR2_S_20260829_v2.0.nc']
2026,    08,  30,     17.268,      0.000,"['/disks/sidads_ftp/DATASETS/nsidc0803_daily_a2_seaice_conc_v2/NSIDC-0803_SEAICE_AMSR2_S_20260829_v2.0.nc', '/disks/sidads_ftp/DATASETS/nsidc0803_daily_a2_seaice_conc_v2/NSIDC-0803_SEAICE_AMSR2_S_20260830_v2.0.nc', '/disks/sidads_ftp/DATASETS/nsidc0803_daily_a2_seaice_conc_v2/NSIDC-0803_SEAICE_AMSR2_S_20260831_v2.0.nc']"
2026,    08,  31,     17.327,      0.000, ['/disks/sidads_ftp/DATASETS/nsidc0803_daily_a2_seaice_conc_v2/NSIDC-0803_SEAICE_AMSR2_S_20260831_v2.0.nc']
2026,    09,  01,     17.415,      0.000, ['/disks/sidads_ftp/DATASETS/nsidc0803_daily_a2_seaice_conc_v2/NSIDC-0803_SEAICE_AMSR2_S_20260901_v2.0.nc']
2026,    09,  02,     17.362,      0.000, ['/disks/sidads_ftp/DATASETS/nsidc0803_daily_a2_seaice_conc_v2/NSIDC-0803_SEAICE_AMSR2_S_20260902_v2.0.nc']
2026,    09,  03,     17.357,      0.000,"['/disks/sidads_ftp/DATASETS/nsidc0803_daily_a2_seaice_conc_v2/NSIDC-0803_SEAICE_AMSR2_S_20260902_v2.0.nc', '/disks/sidads_ftp/DATASETS/nsidc0803_daily_a2_seaice_conc_v2/NSIDC-0803_SEAICE_AMSR2_S_20260903_v2.0.nc', '/disks/sidads_ftp/DATASETS/nsidc0803_daily_a2_seaice_conc_v2/NSIDC-0803_SEAICE_AMSR2_S_20260904_v2.0.nc']"
2026,    09,  04,     17.363,      0.000,"['/disks/sidads_ftp/DATASETS/nsidc0803_daily_a2_seaice_conc_v2/NSIDC-0803_SEAICE_AMSR2_S_20260903_v2.0.nc', '/disks/sidads_ftp/DATASETS/nsidc0803_daily_a2_seaice_conc_v2/NSIDC-0803_SEAICE_AMSR2_S_20260904_v2.0.nc', '/disks/sidads_ftp/DATASETS/nsidc0803_daily_a2_seaice_conc_v2/NSIDC-0803_SEAICE_AMSR2_S_20260905_v2.0.nc']"
2026,    09,  05,     17.404,      0.000, ['/disks/sidads_ftp/DATASETS/nsidc0803_daily_a2_seaice_conc_v2/NSIDC-0803_SEAICE_AMSR2_S_20260905_v2.0.nc']
2026,    09,  06,     17.437,      0.000,"['/disks/sidads_ftp/DATASETS/nsidc0803_daily_a2_seaice_conc_v2/NSIDC-0803_SEAICE_AMSR2_S_20260905_v2.0.nc', '/disks/sidads_ftp/DATASETS/nsidc0803_daily_a2_seaice_conc_v2/NSIDC-0803_SEAICE_AMSR2_S_20260906_v2.0.nc', '/disks/sidads_ftp/DATASETS/nsidc0803_daily_a2_seaice_conc_v2/NSIDC-0803_SEAICE_AMSR2_S_20260907_v2.0.nc']"
2026,    09,  07,     17.443,      0.000, ['/disks/sidads_ftp/DATASETS/nsidc0803_daily_a2_seaice_conc_v2/NSIDC-0803_SEAICE_AMSR2_S_20260907_v2.0.nc']
2026,    09,  08,     17.460,      0.000, ['/disks/sidads_ftp/DATASETS/nsidc0803_daily_a2_seaice_conc_v2/NSIDC-0803_SEAICE_AMSR2_S_20260908_v2.0.nc']
2026,    09,  09,     17.568,      0.000,"['/disks/sidads_ftp/DATASETS/nsidc0803_daily_a2_seaice_conc_v2/NSIDC-0803_SEAICE_AMSR2_S_20260908_v2.0.nc', '/disks/sidads_ftp/DATASETS/nsidc0803_daily_a2_seaice_conc_v2/NSIDC-0803_SEAICE_AMSR2_S_20260909_v2.0.nc', '/disks/sidads_ftp/DATASETS/nsidc0803_daily_a2_seaice_conc_v2/NSIDC-0803_SEAICE_AMSR2_S_20260910_v2.0.nc']"
2026,    09,  10,     17.565,      0.000, ['/disks/sidads_ftp/DATASETS/nsidc0803_daily_a2_seaice_conc_v2/NSIDC-0803_SEAICE_AMSR2_S_20260910_v2.0.nc']
2026,    09,  11,     17.619,      0.000, ['/disks/sidads_ftp/DATASETS/nsidc0803_daily_a2_seaice_conc_v2/NSIDC-0803_SEAICE_AMSR2_S_20260911_v2.0.nc']
2026,    09,  12,     17.569,      0.000, ['/disks/sidads_ftp/DATASETS/nsidc0803_daily_a2_seaice_conc_v2/NSIDC-0803_SEAICE_AMSR2_S_20260912_v2.0.nc']
2026,    09,  13,     17.559,      0.000, ['/disks/sidads_ftp/DATASETS/nsidc0803_daily_a2_seaice_conc_v2/NSIDC-0803_SEAICE_AMSR2_S_20260913_v2.0.nc']
2026,    09,  14,     17.613,      0.000, ['/disks/sidads_ftp/DATASETS/nsidc0803_daily_a2_seaice_conc_v2/NSIDC-0803_SEAICE_AMSR2_S_20260914_v2.0.nc']
2026,    09,  15,     17.480,      0.000,"['/disks/sidads_ftp/DATASETS/nsidc0803_daily_a2_seaice_conc_v2/NSIDC-0803_SEAICE_AMSR2_S_20260914_v2.0.nc', '/disks/sidads_ftp/DATASETS/nsidc0803_daily_a2_seaice_conc_v2/NSIDC-0803_SEAICE_AMSR2_S_20260915_v2.0.nc', '/disks/sidads_ftp/DATASETS/nsidc0803_daily_a2_seaice_conc_v2/NSIDC-0803_SEAICE_AMSR2_S_20260916_v2.0.nc']"
2026,    09,  16,     17.382,      0.000,"['/disks/sidads_ftp/DATASETS/nsidc0803_daily_a2_seaice_conc_v2/NSIDC-0803_SEAICE_AMSR2_S_20260915_v2.0.nc', '/disks/sidads_ftp/DATASETS/nsidc0803_daily_a2_seaice_conc_v2/NSIDC-0803_SEAICE_AMSR2_S_20260916_v2.0.nc', '/disks/sidads_ftp/DATASETS/nsidc0803_daily_a2_seaice_conc_v2/NSIDC-0803_SEAICE_AMSR2_S_20260917_v2.0.nc']"
2026,    09,  17,     17.344,      0.000, ['/disks/sidads_ftp/DATASETS/nsidc0803_daily_a2_seaice_conc_v2/NSIDC-0803_SEAICE_AMSR2_S_20260917_v2.0.nc']
2026,    09,  18,     17.303,      0.000,"['/disks/sidads_ftp/DATASETS/nsidc0803_daily_a2_seaice_conc_v2/NSIDC-0803_SEAICE_AMSR2_S_20260917_v2.0.nc', '/disks/sidads_ftp/DATASETS/nsidc0803_daily_a2_seaice_conc_v2/NSIDC-0803_SEAICE_AMSR2_S_20260918_v2.0.nc', '/disks/sidads_ftp/DATASETS/nsidc0803_daily_a2_seaice_conc_v2/NSIDC-0803_SEAICE_AMSR2_S_20260919_v2.0.nc']"
2026,    09,  19,     17.342,      0.000,"['/disks/sidads_ftp/DATASETS/nsidc0803_daily_a2_seaice_conc_v2/NSIDC-0803_SEAICE_AMSR2_S_20260918_v2.0.nc', '/disks/sidads_ftp/DATASETS/nsidc0803_daily_a2_seaice_conc_v2/NSIDC-0803_SEAICE_AMSR2_S_20260919_v2.0.nc', '/disks/sidads_ftp/DATASETS/nsidc0803_daily_a2_seaice_conc_v2/NSIDC-0803_SEAICE_AMSR2_S_20260920_v2.0.nc']"
2026,    09,  20,     17.366,      0.000,"['/disks/sidads_ftp/DATASETS/nsidc0803_daily_a2_seaice_conc_v2/NSIDC-0803_SEAICE_AMSR2_S_20260919_v2.0.nc', '/disks/sidads_ftp/DATASETS/nsidc0803_daily_a2_seaice_conc_v2/NSIDC-0803_SEAICE_AMSR2_S_20260920_v2.0.nc', '/disks/sidads_ftp/DATASETS/nsidc0803_daily_a2_seaice_conc_v2/NSIDC-0803_SEAICE_AMSR2_S_20260921_v2.0.nc']"
2026,    09,  21,     17.324,      0.000,"['/disks/sidads_ftp/DATASETS/nsidc0803_daily_a2_seaice_conc_v2/NSIDC-0803_SEAICE_AMSR2_S_20260920_v2.0.nc', '/disks/sidads_ftp/DATASETS/nsidc0803_daily_a2_seaice_conc_v2/NSIDC-0803_SEAICE_AMSR2_S_20260921_v2.0.nc', '/disks/sidads_ftp/DATASETS/nsidc0803_daily_a2_seaice_conc_v2/NSIDC-0803_SEAICE_AMSR2_S_20260922_v2.0.nc']"
2026,    09,  22,     17.229,      0.000,"['/disks/sidads_ftp/DATASETS/nsidc0803_daily_a2_seaice_conc_v2/NSIDC-0803_SEAICE_AMSR2_S_20260921_v2.0.nc', '/disks/sidads_ftp/DATASETS/nsidc0803_daily_a2_seaice_conc_v2/NSIDC-0803_SEAICE_AMSR2_S_20260922_v2.0.nc', '/disks/sidads_ftp/DATASETS/nsidc0803_daily_a2_seaice_conc_v2/NSIDC-0803_SEAICE_AMSR2_S_20260923_v2.0.nc']"
2026,    09,  23,     17.269,      0.000, ['/disks/sidads_ftp/DATASETS/nsidc0803_daily_a2_seaice_conc_v2/NSIDC-0803_SEAICE_AMSR2_S_20260923_v2.0.nc']
2026,    09,  24,     17.166,      0.000,"['/disks/sidads_ftp/DATASETS/nsidc0803_daily_a2_seaice_conc_v2/NSIDC-0803_SEAICE_AMSR2_S_20260923_v2.0.nc', '/disks/sidads_ftp/DATASETS/nsidc0803_daily_a2_seaice_conc_v2/NSIDC-0803_SEAICE_AMSR2_S_20260924_v2.0.nc', '/disks/sidads_ftp/DATASETS/nsidc0803_daily_a2_seaice_conc_v2/NSIDC-0803_SEAICE_AMSR2_S_20260925_v2.0.nc']"
2026,    09,  25,     17.151,      0.000,"['/disks/sidads_ftp/DATASETS/nsidc0803_daily_a2_seaice_conc_v2/NSIDC-0803_SEAICE_AMSR2_S_20260924_v2.0.nc', '/disks/sidads_ftp/DATASETS/nsidc0803_daily_a2_seaice_conc_v2/NSIDC-0803_SEAICE_AMSR2_S_20260925_v2.0.nc', '/disks/sidads_ftp/DATASETS/nsidc0803_daily_a2_seaice_conc_v2/NSIDC-0803_SEAICE_AMSR2_S_20260926_v2.0.nc']"
2026,    09,  26,     17.058,      0.000,"['/disks/sidads_ftp/DATASETS/nsidc0803_daily_a2_seaice_conc_v2/NSIDC-0803_SEAICE_AMSR2_S_20260925_v2.0.nc', '/disks/sidads_ftp/DATASETS/nsidc0803_daily_a2_seaice_conc_v2/NSIDC-0803_SEAICE_AMSR2_S_20260926_v2.0.nc', '/disks/sidads_ftp/DATASETS/nsidc0803_daily_a2_seaice_conc_v2/NSIDC-0803_SEAICE_AMSR2_S_20260927_v2.0.nc']"
2026,    09,  27,     17.042,      0.000, ['/disks/sidads_ftp/DATASETS/nsidc0803_daily_a2_seaice_conc_v2/NSIDC-0803_SEAICE_AMSR2_S_20260927_v2.0.nc']
2026,    09,  28,     16.874,      0.000,"['/disks/sidads_ftp/DATASETS/nsidc0803_daily_a2_seaice_conc_v2/NSIDC-0803_SEAICE_AMSR2_S_20260927_v2.0.nc', '/disks/sidads_ftp/DATASETS/nsidc0803_daily_a2_seaice_conc_v2/NSIDC-0803_SEAICE_AMSR2_S_20260928_v2.0.nc', '/disks/sidads_ftp/DATASETS/nsidc0803_daily_a2_seaice_conc_v2/NSIDC-0803_SEAICE_AMSR2_S_20260929_v2.0.nc']"
2026,    09,  29,     16.825,      0.000,"['/disks/sidads_ftp/DATASETS/nsidc0803_daily_a2_seaice_conc_v2/NSIDC-0803_SEAICE_AMSR2_S_20260928_v2.0.nc', '/disks/sidads_ftp/DATASETS/nsidc0803_daily_a2_seaice_conc_v2/NSIDC-0803_SEAICE_AMSR2_S_20260929_v2.0.nc', '/disks/sidads_ftp/DATASETS/nsidc0803_daily_a2_seaice_conc_v2/NSIDC-0803_SEAICE_AMSR2_S_20260930_v2.0.nc']"
2026,    09,  30,     16.781,      0.000,"['/disks/sidads_ftp/DATASETS/nsidc0803_daily_a2_seaice_conc_v2/NSIDC-0803_SEAICE_AMSR2_S_20260929_v2.0.nc', '/disks/sidads_ftp/DATASETS/nsidc0803_daily_a2_seaice_conc_v2/NSIDC-0803_SEAICE_AMSR2_S_20260930_v2.0.nc', '/disks/sidads_ftp/DATASETS/nsidc0803_daily_a2_seaice_conc_v2/NSIDC-0803_SEAICE_AMSR2_S_20261001_v2.0.nc']"
2026,    10,  01,     16.851,      0.000,"['/disks/sidads_ftp/DATASETS/nsidc0803_daily_a2_seaice_conc_v2/NSIDC-0803_SEAICE_AMSR2_S_20260930_v2.0.nc', '/disks/sidads_ftp/DATASETS/nsidc0803_daily_a2_seaice_conc_v2/NSIDC-0803_SEAICE_AMSR2_S_20261001_v2.0.nc', '/disks/sidads_ftp/DATASETS/nsidc0803_daily_a2_seaice_conc_v2/NSIDC-0803_SEAICE_AMSR2_S_20261002_v2.0.nc']"
2026,    10,  02,     16.650,      0.000,"['/disks/sidads_ftp/DATASETS/nsidc0803_daily_a2_seaice_conc_v2/NSIDC-0803_SEAICE_AMSR2_S_20261001_v2.0.nc', '/disks/sidads_ftp/DATASETS/nsidc0803_daily_a2_seaice_conc_v2/NSIDC-0803_SEAICE_AMSR2_S_20261002_v2.0.nc']"
